date,open,close,high,low,volume,volume.1
2022-04-26,26.86,25.92,27.27,25.48,738528.0,738528.0
2022-04-27,25.92,27.93,28.09,25.21,1011142.0,1011142.0
2022-04-28,27.83,28.19,29.25,27.56,1033772.0,1033772.0
2022-04-29,28.43,28.93,29.26,27.9,748274.0,748274.0
2022-05-05,28.94,29.08,29.64,28.72,613091.0,613091.0
2022-05-06,28.21,28.15,28.88,27.98,478029.0,478029.0
2022-05-09,28.0,28.08,28.62,27.97,328793.0,328793.0
2022-05-10,27.66,28.4,28.49,27.6,413180.0,413180.0
2022-05-11,28.35,28.7,29.64,28.23,738245.0,738245.0
2022-05-12,28.41,28.06,29.0,27.74,608940.0,608940.0
2022-05-13,28.21,27.89,28.49,27.8,422770.0,422770.0
2022-05-16,28.19,28.1,28.78,27.93,474450.0,474450.0
2022-05-17,27.97,29.4,29.5,27.88,1045688.0,1045688.0
2022-05-18,29.25,28.9,29.53,28.86,567733.0,567733.0
2022-05-19,28.46,29.38,29.41,28.15,690097.0,690097.0
2022-05-20,29.55,30.15,30.55,29.08,923899.0,923899.0
2022-05-23,30.47,31.96,32.4,30.21,1275166.0,1275166.0
2022-05-24,31.6,30.51,31.98,30.34,992028.0,992028.0
2022-05-25,30.5,30.25,30.74,29.81,596160.0,596160.0
2022-05-26,30.29,31.76,32.35,29.89,1367985.0,1367985.0
2022-05-27,32.2,30.9,32.5,30.8,1265107.0,1265107.0
2022-05-30,30.9,31.53,32.16,30.71,1008555.0,1008555.0
2022-05-31,31.38,31.53,31.65,30.9,600520.0,600520.0
2022-06-01,31.21,30.88,31.26,30.32,798419.0,798419.0
2022-06-02,30.88,30.42,31.0,30.39,633227.0,633227.0
2022-06-06,30.5,31.99,32.29,30.48,1457958.0,1457958.0
2022-06-07,31.99,31.18,32.15,30.99,865688.0,865688.0
2022-06-08,31.25,32.49,32.97,31.25,1743179.0,1743179.0
2022-06-09,32.25,32.05,32.32,31.66,954820.0,954820.0
2022-06-10,31.51,32.07,32.33,31.1,1459856.0,1459856.0
2022-06-13,31.45,31.56,32.2,31.22,1437728.0,1437728.0
2022-06-14,31.11,30.9,31.25,30.02,1189900.0,1189900.0
2022-06-15,30.95,30.71,31.56,30.51,1047036.0,1047036.0
2022-06-16,30.7,29.69,30.9,29.51,1280386.0,1280386.0
2022-06-17,29.45,30.31,30.5,29.3,1161748.0,1161748.0
2022-06-20,30.68,29.92,30.78,29.79,866035.0,866035.0
2022-06-21,29.8,29.4,29.89,29.2,671163.0,671163.0
2022-06-22,29.46,28.9,29.7,28.88,724526.0,724526.0
2022-06-23,28.98,29.33,29.33,28.5,753731.0,753731.0
2022-06-24,29.47,29.36,29.6,28.8,660717.0,660717.0
2022-06-27,29.24,29.98,30.73,29.1,1354875.0,1354875.0
2022-06-28,30.35,31.48,32.01,29.89,2092346.0,2092346.0
2022-06-29,31.12,29.9,31.27,29.9,1414103.0,1414103.0
2022-06-30,30.0,29.96,30.47,29.88,934384.0,934384.0
2022-07-01,29.72,30.8,31.3,29.59,1365056.0,1365056.0
2022-07-04,30.54,31.67,32.2,30.48,1883616.0,1883616.0
2022-07-05,31.89,32.2,32.38,31.5,1632722.0,1632722.0
2022-07-06,32.0,32.4,33.2,31.18,2009379.0,2009379.0
2022-07-07,32.23,33.82,35.13,32.02,3057156.0,3057156.0
2022-07-08,34.1,33.28,34.73,33.12,1762059.0,1762059.0
2022-07-11,33.15,31.72,33.55,30.93,1732996.0,1732996.0
2022-07-12,31.5,31.0,31.96,30.82,1055984.0,1055984.0
2022-07-13,30.98,31.62,31.96,30.72,1074092.0,1074092.0
2022-07-14,31.5,30.44,31.5,30.3,1896422.0,1896422.0
2022-07-15,30.2,30.13,31.25,30.09,1189386.0,1189386.0
2022-07-18,30.29,30.29,30.49,29.64,1065513.0,1065513.0
2022-07-19,30.27,30.27,30.77,30.02,862933.0,862933.0
2022-07-20,30.4,30.15,30.84,30.11,816016.0,816016.0
2022-07-21,30.1,29.0,30.1,29.0,1429932.0,1429932.0
2022-07-22,29.0,29.36,29.51,28.7,870176.0,870176.0
2022-07-25,29.14,29.21,29.48,28.92,484063.0,484063.0
2022-07-26,29.29,29.67,29.95,29.25,727841.0,727841.0
2022-07-27,29.45,29.3,29.53,29.1,493602.0,493602.0
2022-07-28,29.54,29.13,29.62,29.0,595251.0,595251.0
2022-07-29,29.13,29.04,29.23,28.9,458848.0,458848.0
2022-08-01,28.88,29.14,29.24,28.25,571708.0,571708.0
2022-08-02,28.71,27.8,28.73,27.71,851764.0,851764.0
2022-08-03,27.75,27.52,28.37,27.45,532568.0,532568.0
2022-08-04,27.8,28.09,28.24,27.62,396235.0,396235.0
2022-08-05,28.18,28.59,28.67,27.83,479397.0,479397.0
2022-08-08,28.45,28.59,28.79,28.33,394930.0,394930.0
2022-08-09,28.55,28.57,28.84,28.4,392667.0,392667.0
2022-08-10,28.66,28.75,28.99,28.57,478942.0,478942.0
2022-08-11,28.8,28.88,29.08,28.3,621894.0,621894.0
2022-08-12,28.86,28.96,29.23,28.77,468589.0,468589.0
2022-08-15,28.96,29.07,29.46,28.88,613422.0,613422.0
2022-08-16,29.13,28.52,29.17,28.47,634621.0,634621.0
2022-08-17,28.48,28.73,28.76,27.99,640725.0,640725.0
2022-08-18,28.73,28.39,28.73,28.21,429150.0,429150.0
2022-08-19,28.3,28.15,28.52,28.12,349998.0,349998.0
2022-08-22,28.02,28.9,29.06,27.78,752834.0,752834.0
2022-08-23,28.78,28.8,28.95,28.47,484247.0,484247.0
2022-08-24,28.85,28.28,29.28,28.15,650654.0,650654.0
2022-08-25,28.55,27.85,28.65,27.19,781606.0,781606.0
2022-08-26,28.0,28.5,29.04,27.96,911248.0,911248.0
2022-08-29,28.15,27.96,28.35,27.85,618255.0,618255.0
2022-08-30,27.98,27.72,28.08,27.72,387974.0,387974.0
2022-08-31,27.78,27.8,27.86,26.76,1015418.0,1015418.0
2022-09-01,27.21,27.05,27.59,26.93,470200.0,470200.0
2022-09-02,27.09,26.85,27.24,26.7,336136.0,336136.0
2022-09-05,26.71,26.48,26.78,26.15,430082.0,430082.0
2022-09-06,26.68,27.12,27.24,26.58,509472.0,509472.0
2022-09-07,26.86,27.07,27.3,26.71,312678.0,312678.0
2022-09-08,27.22,26.84,27.25,26.83,308738.0,308738.0
2022-09-09,26.95,27.2,27.28,26.89,365351.0,365351.0
2022-09-13,27.36,27.25,27.6,27.2,377540.0,377540.0
2022-09-14,26.9,27.02,27.28,26.8,378216.0,378216.0
2022-09-15,27.15,26.53,27.45,26.23,505387.0,505387.0
2022-09-16,26.3,26.56,26.56,25.71,649851.0,649851.0
2022-09-19,26.3,26.2,26.58,26.1,257203.0,257203.0
2022-09-20,26.26,26.31,26.77,26.24,454934.0,454934.0
2022-09-21,26.18,26.21,26.31,26.0,286241.0,286241.0
2022-09-22,26.07,26.05,26.36,25.95,282064.0,282064.0
2022-09-23,26.01,25.0,26.11,24.94,544301.0,544301.0
2022-09-26,24.88,24.1,24.95,23.97,636733.0,636733.0
2022-09-27,24.09,24.49,24.56,23.7,569971.0,569971.0
2022-09-28,24.41,23.54,24.8,23.54,563916.0,563916.0
2022-09-29,23.93,23.87,24.27,23.68,530048.0,530048.0
2022-09-30,24.21,23.88,24.56,23.77,548711.0,548711.0
2022-10-10,23.86,22.8,23.91,22.65,506838.0,506838.0
2022-10-11,22.9,23.27,23.38,22.81,484442.0,484442.0
2022-10-12,23.28,23.71,23.74,22.88,457765.0,457765.0
2022-10-13,23.56,23.17,23.67,22.93,618654.0,618654.0
2022-10-14,23.36,24.2,24.39,23.35,864538.0,864538.0
2022-10-17,23.99,24.05,24.15,23.82,515817.0,515817.0
2022-10-18,24.37,23.92,24.41,23.86,470530.0,470530.0
2022-10-19,23.93,23.59,24.15,23.57,430882.0,430882.0
2022-10-20,23.43,23.3,23.65,23.1,421337.0,421337.0
2022-10-21,23.34,22.99,23.38,22.93,354111.0,354111.0
2022-10-24,23.0,22.54,23.43,22.33,516217.0,516217.0
2022-10-25,22.56,22.8,22.93,21.9,403917.0,403917.0
2022-10-26,22.7,23.1,23.23,22.7,387707.0,387707.0
2022-10-27,23.08,23.21,23.35,23.04,359689.0,359689.0
2022-10-28,22.5,21.85,22.59,21.65,670044.0,670044.0
2022-10-31,21.38,21.51,21.98,21.35,462122.0,462122.0
2022-11-01,21.73,22.77,22.79,21.63,695177.0,695177.0
2022-11-02,22.61,22.77,22.89,22.53,462776.0,462776.0
2022-11-03,22.81,23.48,24.36,22.81,972063.0,972063.0
2022-11-04,23.95,25.83,25.83,23.71,1685793.0,1685793.0
2022-11-07,26.61,26.32,27.27,26.1,2054639.0,2054639.0
2022-11-08,26.25,26.52,26.73,26.07,1017208.0,1017208.0
2022-11-09,26.8,26.25,26.92,26.15,762968.0,762968.0
2022-11-10,26.01,25.32,26.01,25.16,902509.0,902509.0
2022-11-11,26.2,25.52,26.3,25.43,694461.0,694461.0
2022-11-14,25.56,25.02,25.7,24.82,589265.0,589265.0
2022-11-15,24.83,25.4,25.49,24.6,623107.0,623107.0
2022-11-16,25.36,24.88,25.44,24.84,455213.0,455213.0
2022-11-17,24.81,25.17,25.18,24.69,431227.0,431227.0
2022-11-18,25.0,24.48,25.0,24.38,484762.0,484762.0
2022-11-21,24.4,24.82,24.93,24.15,409187.0,409187.0
2022-11-22,24.75,24.89,25.09,24.56,435167.0,435167.0
2022-11-23,24.75,24.91,24.95,24.5,327548.0,327548.0
2022-11-24,24.92,25.18,25.18,24.69,447309.0,447309.0
2022-11-25,25.05,24.4,25.06,24.36,476711.0,476711.0
2022-11-28,23.98,24.57,24.58,23.68,391289.0,391289.0
2022-11-29,24.49,24.75,24.83,24.4,311289.0,311289.0
2022-11-30,24.6,25.29,25.56,24.51,616945.0,616945.0
2022-12-01,25.51,25.23,25.55,25.15,431416.0,431416.0
2022-12-02,25.1,24.85,25.21,24.83,327712.0,327712.0
2022-12-05,24.95,25.02,25.05,24.69,304920.0,304920.0
2022-12-06,24.95,25.18,25.36,24.65,387746.0,387746.0
2022-12-07,25.0,25.27,25.47,24.98,455218.0,455218.0
2022-12-08,25.11,24.89,25.3,24.65,394074.0,394074.0
2022-12-09,24.9,25.46,25.8,24.89,670223.0,670223.0
2022-12-12,25.28,24.62,25.3,24.59,471700.0,471700.0
2022-12-13,24.62,24.47,24.77,24.35,294661.0,294661.0
2022-12-14,24.38,24.54,24.61,24.32,203167.0,203167.0
2022-12-15,24.48,24.59,24.65,23.97,280104.0,280104.0
2022-12-16,24.42,24.31,24.54,23.8,314480.0,314480.0
2022-12-19,24.01,24.17,24.72,24.01,257023.0,257023.0
2022-12-20,24.02,23.44,24.1,23.4,238355.0,238355.0
2022-12-21,23.48,23.38,23.68,23.19,182477.0,182477.0
2022-12-22,23.5,23.0,23.65,22.7,251510.0,251510.0
2022-12-23,22.96,22.94,23.15,22.75,148450.0,148450.0
2022-12-26,22.74,23.05,23.17,22.68,163661.0,163661.0
2022-12-27,23.15,23.25,23.31,23.03,163726.0,163726.0
2022-12-28,23.02,22.89,23.08,22.72,160952.0,160952.0
2022-12-29,22.98,22.75,23.14,22.65,170375.0,170375.0
2022-12-30,22.82,22.69,22.95,22.67,172527.0,172527.0
2023-01-03,22.69,23.1,23.17,22.48,216790.0,216790.0
2023-01-04,23.05,22.97,23.15,22.81,161171.0,161171.0
2023-01-05,23.08,23.26,23.46,22.97,236890.0,236890.0
2023-01-06,23.2,23.35,23.62,23.14,251843.0,251843.0
2023-01-09,23.4,23.3,23.51,23.21,184870.0,184870.0
2023-01-10,23.25,23.09,23.3,22.92,189186.0,189186.0
2023-01-11,23.22,22.95,23.25,22.95,154576.0,154576.0
2023-01-12,23.35,23.55,24.08,23.35,582689.0,582689.0
2023-01-13,23.5,23.45,23.67,23.27,269463.0,269463.0
2023-01-16,23.5,23.99,24.38,23.38,442883.0,442883.0
2023-01-17,24.05,24.84,25.1,24.01,660364.0,660364.0
2023-01-18,24.61,24.63,24.88,24.47,317391.0,317391.0
2023-01-19,24.6,24.79,24.9,24.5,249797.0,249797.0
2023-01-20,24.85,25.02,25.21,24.74,379109.0,379109.0
2023-01-30,25.4,24.87,25.58,24.78,503566.0,503566.0
2023-01-31,24.83,25.03,25.17,24.68,342399.0,342399.0
2023-02-01,25.0,25.38,25.44,25.0,355212.0,355212.0
2023-02-02,25.3,25.43,25.46,25.11,310581.0,310581.0
2023-02-03,25.35,25.11,25.38,24.77,376124.0,376124.0
2023-02-06,24.91,24.93,25.05,24.8,199529.0,199529.0
2023-02-07,24.95,25.1,25.17,24.85,194689.0,194689.0
2023-02-08,25.05,25.26,25.6,25.05,375483.0,375483.0
2023-02-09,25.2,25.4,25.42,25.07,250823.0,250823.0
2023-02-10,25.35,25.15,25.35,25.06,248885.0,248885.0
2023-02-13,25.08,25.39,25.45,25.06,225740.0,225740.0
2023-02-14,25.52,26.1,26.17,25.34,743209.0,743209.0
2023-02-15,25.89,25.78,26.02,25.73,329440.0,329440.0
2023-02-16,25.76,25.3,26.03,25.03,434933.0,434933.0
2023-02-17,25.31,25.52,26.24,25.23,558048.0,558048.0
2023-02-20,25.55,25.22,25.56,24.5,445393.0,445393.0
2023-02-21,25.08,25.14,25.74,24.87,428208.0,428208.0
2023-02-22,24.91,24.82,24.99,24.78,249499.0,249499.0
2023-02-23,24.74,24.93,24.95,24.71,191705.0,191705.0
2023-02-24,24.92,24.71,25.01,24.56,181613.0,181613.0
2023-02-27,24.73,24.91,25.13,24.73,221015.0,221015.0
2023-02-28,24.89,24.8,24.92,24.5,221897.0,221897.0
2023-03-01,24.71,24.91,24.92,24.66,155557.0,155557.0
2023-03-02,24.93,24.62,24.93,24.58,211026.0,211026.0
2023-03-03,24.56,24.47,24.72,24.26,193123.0,193123.0
2023-03-06,24.54,24.42,24.6,24.22,161511.0,161511.0
2023-03-07,24.36,23.8,24.4,23.79,298078.0,298078.0
2023-03-08,23.67,23.91,24.03,23.53,199545.0,199545.0
2023-03-09,23.88,23.85,24.04,23.81,154512.0,154512.0
2023-03-10,23.68,23.39,23.68,23.3,208727.0,208727.0
2023-03-13,23.52,23.29,23.65,22.99,227232.0,227232.0
2023-03-14,23.2,23.16,23.44,22.88,213013.0,213013.0
2023-03-15,23.2,23.19,23.4,23.18,138535.0,138535.0
2023-03-16,23.03,22.73,23.15,22.72,175501.0,175501.0
2023-03-17,22.9,23.02,23.27,22.8,199135.0,199135.0
2023-03-20,23.06,22.83,23.13,22.8,153637.0,153637.0
2023-03-21,22.84,23.1,23.13,22.8,161281.0,161281.0
2023-03-22,23.15,22.95,23.33,22.81,226049.0,226049.0
2023-03-23,22.85,22.88,22.92,22.77,177741.0,177741.0
2023-03-24,22.88,22.75,22.9,22.73,164671.0,164671.0
2023-03-27,22.7,22.66,22.74,22.41,180651.0,180651.0
2023-03-28,22.68,22.38,22.79,22.35,177026.0,177026.0
2023-03-29,22.38,22.32,22.63,22.3,169011.0,169011.0
2023-03-30,22.29,22.54,22.56,22.03,202077.0,202077.0
2023-03-31,22.55,22.36,22.65,22.31,212423.0,212423.0
2023-04-03,22.35,22.51,22.7,22.09,318920.0,318920.0
2023-04-04,22.38,22.23,22.46,22.12,259230.0,259230.0
2023-04-06,22.16,22.28,22.34,22.05,217079.0,217079.0
2023-04-07,22.24,22.3,22.44,22.22,171526.0,171526.0
2023-04-10,22.32,22.53,22.6,22.25,277418.0,277418.0
2023-04-11,22.46,22.49,22.49,22.17,223493.0,223493.0
2023-04-12,22.51,22.24,22.53,22.17,200275.0,200275.0
2023-04-13,22.17,21.74,22.19,21.6,338390.0,338390.0
2023-04-14,21.67,22.18,22.45,21.64,340817.0,340817.0
2023-04-17,22.26,22.3,22.34,22.04,224303.0,224303.0
2023-04-18,22.35,22.26,22.67,22.2,321074.0,321074.0
2023-04-19,22.3,21.99,22.33,21.91,187576.0,187576.0
2023-04-20,21.96,21.62,22.0,21.52,224588.0,224588.0
2023-04-21,21.59,21.0,21.71,20.98,256362.0,256362.0
2023-04-24,21.09,21.19,21.58,20.75,212283.0,212283.0
2023-04-25,21.09,20.12,21.09,20.02,347009.0,347009.0
2023-04-26,20.05,20.67,21.2,19.88,322849.0,322849.0
2023-04-27,20.59,20.51,20.73,20.42,154802.0,154802.0
2023-04-28,20.5,20.42,20.7,20.2,210097.0,210097.0
2023-05-04,20.46,20.26,20.59,20.14,188474.0,188474.0
2023-05-05,20.3,20.15,20.3,20.02,129714.0,129714.0
2023-05-08,20.25,20.27,20.38,20.05,172567.0,172567.0
2023-05-09,20.47,20.04,20.59,20.02,284950.0,284950.0
2023-05-10,20.04,20.21,20.46,19.92,272517.0,272517.0
2023-05-11,20.25,20.21,20.4,20.14,177501.0,177501.0
2023-05-12,20.4,19.92,20.55,19.91,249968.0,249968.0
2023-05-15,19.98,20.8,20.8,19.98,597559.0,597559.0
2023-05-16,20.8,20.46,20.82,20.4,261550.0,261550.0
2023-05-17,20.4,20.44,20.49,20.28,164701.0,164701.0
2023-05-18,20.5,20.22,20.55,20.08,215596.0,215596.0
2023-05-19,20.26,20.16,20.26,20.05,109606.0,109606.0
2023-05-22,20.15,20.47,20.49,20.09,197603.0,197603.0
2023-05-23,20.49,20.35,20.57,20.35,168452.0,168452.0
2023-05-24,20.29,20.23,20.44,20.11,141719.0,141719.0
2023-05-25,20.15,19.67,20.23,19.5,289166.0,289166.0
2023-05-26,19.64,18.93,19.66,18.89,463378.0,463378.0
2023-05-29,18.93,18.89,19.04,18.8,187186.0,187186.0
2023-05-30,18.83,18.82,18.99,18.5,247830.0,247830.0
2023-05-31,18.83,18.79,18.88,18.64,145121.0,145121.0
2023-06-01,18.81,19.05,19.33,18.8,222117.0,222117.0
2023-06-02,19.09,19.65,19.74,19.06,332651.0,332651.0
2023-06-05,19.7,19.75,19.9,19.52,215584.0,215584.0
2023-06-06,19.75,19.42,19.83,19.37,149336.0,149336.0
2023-06-07,19.46,19.33,19.62,19.24,116749.0,116749.0
2023-06-08,19.33,19.39,19.67,19.33,151506.0,151506.0
2023-06-09,19.35,19.38,19.65,19.2,185090.0,185090.0
2023-06-12,19.32,19.38,19.5,19.12,155780.0,155780.0
2023-06-13,19.39,19.36,19.48,19.28,107796.0,107796.0
2023-06-14,19.5,19.23,19.56,19.22,161225.0,161225.0
2023-06-15,19.21,19.59,19.6,19.02,250403.0,250403.0
2023-06-16,19.56,19.59,19.64,19.46,169228.0,169228.0
2023-06-19,19.6,19.25,19.68,19.23,194924.0,194924.0
2023-06-20,19.26,19.08,19.34,19.08,145332.0,145332.0
2023-06-21,19.12,18.88,19.33,18.87,190663.0,190663.0
2023-06-26,18.79,19.0,19.19,18.7,141470.0,141470.0
2023-06-27,19.0,19.02,19.15,18.84,132573.0,132573.0
2023-06-28,18.97,18.94,19.12,18.85,117117.0,117117.0
2023-06-29,18.87,18.74,18.96,18.73,133263.0,133263.0
2023-06-30,18.76,19.17,19.47,18.74,342603.0,342603.0
2023-07-03,19.17,19.25,19.4,19.13,184135.0,184135.0
2023-07-04,19.3,19.36,19.44,19.18,172654.0,172654.0
2023-07-05,19.28,19.41,19.66,19.24,237836.0,237836.0
2023-07-06,19.4,19.06,19.4,19.01,212034.0,212034.0
2023-07-07,19.0,18.97,19.09,18.88,116304.0,116304.0
2023-07-10,18.99,19.2,19.49,18.99,182388.0,182388.0
2023-07-11,19.1,19.13,19.21,18.9,174288.0,174288.0
2023-07-12,19.12,19.13,19.39,19.06,214412.0,214412.0
2023-07-13,19.2,19.29,19.36,19.18,176464.0,176464.0
2023-07-14,19.29,19.15,19.34,19.09,147270.0,147270.0
2023-07-17,19.27,19.16,19.27,19.09,113600.0,113600.0
2023-07-18,19.24,19.38,19.54,19.11,325490.0,325490.0
2023-07-19,19.39,19.37,19.65,19.31,212149.0,212149.0
2023-07-20,19.4,19.97,20.44,19.37,765238.0,765238.0
2023-07-21,19.85,19.6,19.93,19.53,344490.0,344490.0
2023-07-24,19.51,19.09,19.53,19.04,307971.0,307971.0
2023-07-25,19.27,19.47,19.5,19.2,316128.0,316128.0
2023-07-26,19.5,19.54,19.69,19.4,224144.0,224144.0
2023-07-27,19.6,19.35,19.6,19.31,197738.0,197738.0
2023-07-28,19.28,19.97,20.19,19.21,525021.0,525021.0
2023-07-31,20.03,20.0,20.26,19.85,314163.0,314163.0
2023-08-01,20.0,19.95,20.18,19.81,229524.0,229524.0
2023-08-02,19.87,19.75,19.98,19.71,158183.0,158183.0
2023-08-03,19.7,19.88,19.92,19.68,138463.0,138463.0
2023-08-04,20.0,19.85,20.17,19.8,219602.0,219602.0
2023-08-07,19.79,19.65,19.79,19.55,170309.0,170309.0
2023-08-08,19.7,19.6,19.76,19.43,146978.0,146978.0
2023-08-09,19.56,19.61,19.69,19.54,104380.0,104380.0
2023-08-10,19.62,19.65,19.74,19.5,103902.0,103902.0
2023-08-11,19.65,19.16,19.67,19.11,213850.0,213850.0
2023-08-14,19.1,18.92,19.1,18.78,193379.0,193379.0
2023-08-15,18.92,18.78,18.96,18.6,166247.0,166247.0
2023-08-16,18.7,18.54,18.84,18.51,160999.0,160999.0
2023-08-17,18.47,18.28,18.47,18.04,251283.0,251283.0
2023-08-18,18.27,17.99,18.33,17.98,168231.0,168231.0
2023-08-21,18.0,17.66,18.07,17.66,175913.0,175913.0
2023-08-22,17.77,17.71,17.83,17.39,203951.0,203951.0
2023-08-23,17.68,17.3,17.75,17.3,176974.0,176974.0
2023-08-24,17.37,17.41,17.57,17.3,163856.0,163856.0
2023-08-25,17.64,17.84,18.49,17.64,643343.0,643343.0
2023-08-28,18.5,17.8,18.7,17.57,448787.0,448787.0
2023-08-29,17.62,17.93,18.14,17.5,250030.0,250030.0
2023-08-30,18.02,18.08,18.24,17.91,211837.0,211837.0
2023-08-31,18.02,17.9,18.12,17.87,185343.0,185343.0
2023-09-01,18.01,17.88,18.06,17.81,142630.0,142630.0
2023-09-04,17.96,18.35,18.5,17.92,314125.0,314125.0
2023-09-05,18.25,18.31,18.52,18.24,191609.0,191609.0
2023-09-06,18.25,18.2,18.26,18.1,141647.0,141647.0
2023-09-07,18.19,17.88,18.19,17.85,156185.0,156185.0
2023-09-08,17.81,17.66,17.9,17.64,126894.0,126894.0
2023-09-11,17.71,17.84,18.07,17.62,185209.0,185209.0
2023-09-12,17.82,18.0,18.44,17.81,305747.0,305747.0
2023-09-13,17.91,17.9,18.21,17.86,176669.0,176669.0
2023-09-14,17.83,17.8,17.9,17.75,136938.0,136938.0
2023-09-15,17.9,17.49,17.9,17.47,226004.0,226004.0
2023-09-18,17.3,17.71,17.82,17.17,218887.0,218887.0
2023-09-19,17.6,17.51,17.7,17.45,121913.0,121913.0
2023-09-20,17.51,17.36,17.51,17.34,105807.0,105807.0
2023-09-21,17.34,17.24,17.55,17.23,129416.0,129416.0
2023-09-22,17.23,17.48,17.5,17.18,170908.0,170908.0
2023-09-25,17.48,17.54,17.68,17.38,177622.0,177622.0
2023-09-26,17.48,17.2,17.55,17.18,193336.0,193336.0
2023-09-27,17.15,17.1,17.26,16.66,282388.0,282388.0
2023-09-28,17.1,17.16,17.38,17.08,154525.0,154525.0
2023-10-09,17.15,17.17,17.28,16.86,193261.0,193261.0
2023-10-10,17.27,17.47,17.83,17.24,370051.0,370051.0
2023-10-11,17.47,17.3,17.59,17.26,165317.0,165317.0
2023-10-12,17.44,17.72,17.91,17.36,474315.0,474315.0
2023-10-13,17.67,17.51,17.67,17.43,174507.0,174507.0
2023-10-16,17.6,17.06,17.65,17.0,246997.0,246997.0
2023-10-17,17.1,17.02,17.21,16.95,133956.0,133956.0
2023-10-18,17.0,16.69,17.01,16.68,164144.0,164144.0
2023-10-19,16.56,16.19,16.67,16.17,251602.0,251602.0
2023-10-20,16.18,16.39,16.69,16.12,278071.0,278071.0
2023-10-23,16.26,16.04,16.38,15.91,201410.0,201410.0
2023-10-24,16.09,16.16,16.32,16.04,212551.0,212551.0
2023-10-25,16.28,16.21,16.47,16.18,184696.0,184696.0
2023-10-26,16.13,16.22,16.25,15.92,182420.0,182420.0
2023-10-27,16.11,16.71,16.88,16.04,459531.0,459531.0
2023-10-30,16.62,16.81,16.94,16.58,198137.0,198137.0
2023-10-31,16.78,16.93,16.99,16.65,174336.0,174336.0
2023-11-01,16.86,16.71,16.95,16.6,169881.0,169881.0
2023-11-02,16.74,16.59,16.85,16.56,112036.0,112036.0
2023-11-03,16.63,16.76,16.8,16.6,115123.0,115123.0
2023-11-06,16.84,17.08,17.23,16.78,236167.0,236167.0
2023-11-07,17.01,16.98,17.08,16.93,137017.0,137017.0
2023-11-08,16.92,16.88,17.02,16.8,140195.0,140195.0
2023-11-09,16.88,16.91,17.08,16.88,110442.0,110442.0
2023-11-10,16.85,16.87,16.97,16.76,113773.0,113773.0
2023-11-13,16.93,16.84,16.99,16.75,108413.0,108413.0
2023-11-14,16.85,16.76,16.97,16.7,138284.0,138284.0
2023-11-15,16.95,17.05,17.28,16.93,351765.0,351765.0
2023-11-16,17.01,16.71,17.07,16.71,196767.0,196767.0
2023-11-17,16.68,16.71,16.79,16.65,100986.0,100986.0
2023-11-20,16.77,16.68,16.77,16.5,137754.0,137754.0
2023-11-21,16.72,16.62,16.9,16.55,143601.0,143601.0
2023-11-22,16.55,16.2,16.6,16.2,201918.0,201918.0
2023-11-23,16.15,16.24,16.28,16.13,133062.0,133062.0
2023-11-24,16.23,16.13,16.24,16.1,165434.0,165434.0
2023-11-27,16.12,15.88,16.13,15.73,242093.0,242093.0
2023-11-28,15.85,16.07,16.08,15.76,162673.0,162673.0
2023-11-29,16.06,15.97,16.28,15.94,157166.0,157166.0
2023-11-30,15.96,15.85,16.01,15.8,136216.0,136216.0
2023-12-01,15.9,15.99,16.15,15.73,195269.0,195269.0
2023-12-04,15.9,15.94,16.13,15.86,171356.0,171356.0
2023-12-05,15.88,15.63,16.15,15.6,296824.0,296824.0
2023-12-06,15.5,16.2,16.51,15.42,662398.0,662398.0
2023-12-07,16.1,16.11,16.22,15.75,348020.0,348020.0
2023-12-08,16.44,16.05,16.47,16.01,254665.0,254665.0
2023-12-11,16.06,15.87,16.07,15.66,269618.0,269618.0
2023-12-12,15.8,15.82,15.92,15.77,126044.0,126044.0
2023-12-13,15.82,15.51,15.85,15.5,177455.0,177455.0
2023-12-14,15.57,15.25,15.67,15.25,191878.0,191878.0
2023-12-15,15.3,15.25,15.65,15.21,209480.0,209480.0
2023-12-18,15.2,15.0,15.32,14.94,202085.0,202085.0
2023-12-19,14.95,15.04,15.1,14.89,120781.0,120781.0
2023-12-20,15.04,14.9,15.13,14.88,118554.0,118554.0
2023-12-21,14.89,15.07,15.14,14.83,194125.0,194125.0
2023-12-22,15.07,15.31,15.59,14.93,361425.0,361425.0
2023-12-25,15.29,15.27,15.42,15.22,133036.0,133036.0
2023-12-26,15.27,15.14,15.39,15.12,154119.0,154119.0
2023-12-27,15.2,15.17,15.24,14.92,155674.0,155674.0
2023-12-28,15.15,15.87,15.98,15.08,646373.0,646373.0
2023-12-29,15.8,15.95,16.04,15.79,261249.0,261249.0
2024-01-02,16.0,15.74,16.01,15.74,223984.0,223984.0
2024-01-03,15.78,15.76,15.83,15.67,166266.0,166266.0
2024-01-04,15.71,15.51,15.74,15.39,191409.0,191409.0
2024-01-05,15.46,15.41,15.73,15.3,199646.0,199646.0
2024-01-08,15.38,15.08,15.5,15.07,228291.0,228291.0
2024-01-09,15.05,15.1,15.22,14.83,218601.0,218601.0
2024-01-10,15.08,15.15,15.44,14.93,205557.0,205557.0
2024-01-11,15.16,15.46,15.7,14.97,387661.0,387661.0
2024-01-12,15.42,15.46,15.62,15.37,261715.0,261715.0
2024-01-15,15.38,15.23,15.55,15.22,160179.0,160179.0
2024-01-16,15.19,15.27,15.34,15.04,202981.0,202981.0
2024-01-17,15.23,14.85,15.26,14.85,253568.0,253568.0
2024-01-18,14.8,14.98,15.0,14.46,352742.0,352742.0
2024-01-19,14.89,15.06,15.38,14.88,304687.0,304687.0
2024-01-22,14.95,14.67,15.1,14.56,316363.0,316363.0
2024-01-23,14.65,14.73,14.85,14.45,204381.0,204381.0
2024-01-24,14.8,14.9,14.91,14.36,255092.0,255092.0
2024-01-25,14.85,15.2,15.22,14.81,312837.0,312837.0
2024-01-26,15.16,15.1,15.28,15.07,246536.0,246536.0
2024-01-29,15.29,14.96,15.36,14.95,267231.0,267231.0
2024-01-30,14.91,14.66,15.02,14.65,207213.0,207213.0
2024-01-31,14.67,14.34,14.85,14.34,272942.0,272942.0
2024-02-01,14.27,14.3,14.55,14.12,204651.0,204651.0
2024-02-02,14.27,13.89,14.4,13.46,297475.0,297475.0
2024-02-05,13.82,13.65,14.03,13.1,396590.0,396590.0
2024-02-06,13.6,14.65,14.78,13.55,489247.0,489247.0
2024-02-07,14.62,15.0,15.1,14.59,432995.0,432995.0
2024-02-08,15.02,15.0,15.23,14.93,410460.0,410460.0
2024-02-19,15.01,15.14,15.29,14.98,347151.0,347151.0
2024-02-20,15.06,15.2,15.23,14.95,276512.0,276512.0
2024-02-21,15.14,15.32,15.66,15.08,398281.0,398281.0
2024-02-22,15.38,15.53,15.62,15.29,350893.0,350893.0
2024-02-23,15.55,15.55,15.72,15.4,351147.0,351147.0
2024-02-26,15.55,15.56,15.81,15.5,313926.0,313926.0
2024-02-27,15.45,15.63,15.65,15.4,240553.0,240553.0
2024-02-28,15.67,15.58,16.25,15.58,668285.0,668285.0
2024-02-29,15.5,16.15,16.2,15.48,514431.0,514431.0
2024-03-01,16.1,16.55,16.84,16.1,698031.0,698031.0
2024-03-04,16.68,16.64,17.08,16.52,601617.0,601617.0
2024-03-05,16.49,16.58,16.68,16.38,420954.0,420954.0
2024-03-06,16.47,16.57,16.69,16.21,336114.0,336114.0
2024-03-07,16.58,16.6,16.96,16.55,424191.0,424191.0
2024-03-08,16.58,16.6,16.86,16.52,276570.0,276570.0
2024-03-11,16.73,17.18,17.36,16.65,762952.0,762952.0
2024-03-12,17.24,17.01,17.28,16.88,401874.0,401874.0
2024-03-13,17.06,17.12,17.17,16.95,267472.0,267472.0
2024-03-14,17.07,16.92,17.34,16.85,328451.0,328451.0
2024-03-15,16.88,17.2,17.27,16.8,354704.0,354704.0
2024-03-18,17.2,17.05,17.21,16.91,337422.0,337422.0
2024-03-19,17.01,16.8,17.11,16.77,347354.0,347354.0
2024-03-20,16.75,16.81,16.91,16.69,175896.0,175896.0
2024-03-21,16.85,16.66,16.89,16.6,194045.0,194045.0
2024-03-22,16.6,16.21,16.65,16.15,301858.0,301858.0
2024-03-25,16.21,16.05,16.28,16.04,233171.0,233171.0
2024-03-26,16.07,16.19,16.3,15.88,230019.0,230019.0
2024-03-27,16.15,15.92,16.24,15.92,185567.0,185567.0
2024-03-28,15.97,15.9,16.15,15.83,214408.0,214408.0
2024-03-29,15.87,16.04,16.15,15.86,153884.0,153884.0
2024-04-01,16.1,16.47,16.57,16.04,333457.0,333457.0
2024-04-02,16.43,16.5,16.57,16.3,260106.0,260106.0
2024-04-03,16.5,16.85,16.95,16.45,455734.0,455734.0
2024-04-08,16.86,16.78,17.38,16.74,581154.0,581154.0
2024-04-09,16.71,17.07,17.13,16.71,380653.0,380653.0
2024-04-10,17.07,16.87,17.14,16.8,284651.0,284651.0
2024-04-11,16.7,16.69,16.91,16.45,311333.0,311333.0
2024-04-12,16.63,16.47,16.74,16.39,198773.0,198773.0
2024-04-15,16.38,16.68,16.95,16.27,361783.0,361783.0
2024-04-16,16.63,15.99,16.63,15.94,387310.0,387310.0
2024-04-17,16.03,16.32,16.34,16.03,295909.0,295909.0
2024-04-18,16.35,16.51,16.68,16.21,260504.0,260504.0
2024-04-19,17.17,17.41,17.74,16.97,1022512.0,1022512.0
2024-04-22,17.41,17.26,17.54,17.16,554767.0,554767.0
2024-04-23,17.19,16.86,17.3,16.81,386696.0,386696.0
2024-04-24,16.75,16.41,16.85,16.32,472672.0,472672.0
2024-04-25,16.37,16.29,16.6,16.25,332228.0,332228.0
2024-04-26,16.21,16.45,16.46,16.16,341718.0,341718.0
2024-04-29,16.48,17.0,17.09,16.4,548144.0,548144.0
2024-04-30,16.7,16.59,16.72,16.33,562990.0,562990.0
2024-05-06,16.8,17.59,17.97,16.8,1045834.0,1045834.0
2024-05-07,17.99,18.21,18.38,17.81,934066.0,934066.0
2024-05-08,18.21,18.09,18.55,18.05,604132.0,604132.0
2024-05-09,18.04,18.15,18.3,17.92,419171.0,419171.0
2024-05-10,18.28,18.14,18.5,18.11,478379.0,478379.0
2024-05-13,17.9,18.03,18.17,17.71,376773.0,376773.0
2024-05-14,18.01,18.09,18.33,17.96,319322.0,319322.0
2024-05-15,18.01,17.84,18.21,17.81,232541.0,232541.0
2024-05-16,17.89,17.68,17.98,17.65,262440.0,262440.0
2024-05-17,17.69,18.03,18.05,17.59,318984.0,318984.0
2024-05-20,18.1,17.98,18.14,17.81,301813.0,301813.0
2024-05-21,17.91,18.06,18.08,17.84,279200.0,279200.0
2024-05-22,18.02,17.93,18.29,17.9,277313.0,277313.0
2024-05-23,17.86,17.37,17.86,17.29,402604.0,402604.0
2024-05-24,17.31,17.19,17.45,17.19,213205.0,213205.0
2024-05-27,17.28,17.49,17.5,17.11,185239.0,185239.0
2024-05-28,17.46,17.39,17.64,17.35,169247.0,169247.0
2024-05-29,17.3,17.37,17.54,17.29,160451.0,160451.0
2024-05-30,17.4,17.52,17.75,17.4,257757.0,257757.0
2024-05-31,17.53,17.29,17.66,17.18,240498.0,240498.0
2024-06-03,17.27,17.26,17.39,17.13,184258.0,184258.0
2024-06-04,17.25,17.48,17.55,17.13,193711.0,193711.0
2024-06-05,17.46,17.24,17.54,17.2,166939.0,166939.0
2024-06-06,17.32,17.11,17.53,17.06,249486.0,249486.0
2024-06-07,17.17,17.18,17.34,17.05,225097.0,225097.0
2024-06-11,17.12,17.23,17.29,16.94,162896.0,162896.0
2024-06-12,17.19,17.43,17.55,17.17,212202.0,212202.0
2024-06-13,17.46,17.31,17.57,17.27,177876.0,177876.0
2024-06-14,17.22,17.06,17.27,16.79,336799.0,336799.0
2024-06-17,17.0,17.0,17.17,16.95,117428.0,117428.0
2024-06-18,17.01,17.05,17.22,16.84,148506.0,148506.0
2024-06-19,17.05,16.78,17.12,16.73,160159.0,160159.0
2024-06-20,16.73,16.58,16.85,16.52,175798.0,175798.0
2024-06-21,16.59,17.5,17.65,16.58,900866.0,900866.0
2024-06-24,17.42,16.94,17.53,16.91,387630.0,387630.0
2024-06-25,16.9,16.79,17.11,16.7,221029.0,221029.0
2024-06-26,16.75,17.25,17.28,16.66,303689.0,303689.0
2024-06-27,17.24,17.29,17.48,17.17,304013.0,304013.0
2024-06-28,17.25,17.45,17.7,17.21,288454.0,288454.0
2024-07-01,17.29,17.27,17.4,17.08,196015.0,196015.0
2024-07-02,17.27,17.02,17.46,16.99,250245.0,250245.0
2024-07-03,16.95,16.86,17.17,16.67,196574.0,196574.0
2024-07-04,16.86,16.55,16.96,16.47,218071.0,218071.0
2024-07-05,16.56,16.85,16.94,16.5,236780.0,236780.0
2024-07-08,16.8,16.36,16.87,16.28,225148.0,225148.0
2024-07-09,16.37,16.07,16.39,15.92,331671.0,331671.0
2024-07-10,15.9,15.9,16.36,15.68,272366.0,272366.0
2024-07-11,16.17,16.27,16.65,16.02,370810.0,370810.0
2024-07-12,16.27,16.08,16.28,15.86,237286.0,237286.0
2024-07-15,16.0,16.11,16.23,15.9,139954.0,139954.0
2024-07-16,16.04,16.12,16.33,16.0,181876.0,181876.0
2024-07-17,16.13,16.03,16.19,15.88,207030.0,207030.0
2024-07-18,15.91,15.9,15.99,15.63,270081.0,270081.0
2024-07-19,15.89,16.25,16.48,15.76,348745.0,348745.0
2024-07-22,16.25,16.04,16.3,15.96,219928.0,219928.0
2024-07-23,16.1,15.47,16.1,15.46,256251.0,256251.0
2024-07-24,15.42,15.38,15.55,15.31,164300.0,164300.0
2024-07-25,15.3,15.47,15.59,15.28,167021.0,167021.0
2024-07-26,15.51,15.65,15.71,15.45,114733.0,114733.0
2024-07-29,15.64,15.29,15.69,15.29,187148.0,187148.0
2024-07-30,15.21,15.26,15.29,15.07,219463.0,219463.0
2024-07-31,15.24,15.54,15.6,15.18,243371.0,243371.0
2024-08-01,15.56,15.13,15.63,15.1,335523.0,335523.0
2024-08-02,15.0,15.02,15.16,14.85,202646.0,202646.0
2024-08-05,14.96,14.6,15.1,14.6,281776.0,281776.0
2024-08-06,14.75,14.63,14.91,14.53,223566.0,223566.0
2024-08-07,14.6,14.54,14.69,14.43,153240.0,153240.0
2024-08-08,14.5,14.6,14.93,14.48,258738.0,258738.0
2024-08-09,14.65,14.38,14.73,14.37,175828.0,175828.0
2024-08-12,14.38,14.41,14.51,14.37,122871.0,122871.0
2024-08-13,14.43,14.5,14.62,14.33,163951.0,163951.0
2024-08-14,14.5,14.04,14.54,14.03,251152.0,251152.0
2024-08-15,14.0,14.04,14.22,13.93,223516.0,223516.0
2024-08-16,14.08,13.93,14.15,13.9,158999.0,158999.0
2024-08-19,13.9,13.96,14.09,13.88,121425.0,121425.0
2024-08-20,14.03,13.89,14.09,13.79,169446.0,169446.0
2024-08-21,13.82,13.88,14.2,13.71,335845.0,335845.0
2024-08-22,13.87,13.75,13.91,13.73,169881.0,169881.0
2024-08-23,13.75,13.59,13.9,13.59,223845.0,223845.0
2024-08-26,13.63,13.72,14.1,13.58,218779.0,218779.0
2024-08-27,13.67,13.96,14.04,13.63,284195.0,284195.0
2024-08-28,14.05,14.16,14.18,13.89,321612.0,321612.0
2024-08-29,14.16,13.96,14.25,13.73,370140.0,370140.0
2024-08-30,14.02,14.63,14.8,14.02,754783.0,754783.0
2024-09-02,14.64,14.56,14.93,14.55,346278.0,346278.0
2024-09-03,14.52,14.89,14.98,14.38,383185.0,383185.0
2024-09-04,14.81,14.79,14.93,14.75,172816.0,172816.0
2024-09-05,14.85,14.8,15.2,14.76,280952.0,280952.0
2024-09-06,14.96,14.72,14.98,14.68,181198.0,181198.0
2024-09-09,16.0,15.13,16.0,14.92,1171291.0,1171291.0
2024-09-10,15.02,14.81,15.03,14.48,567561.0,567561.0
2024-09-11,14.76,15.21,15.44,14.71,614568.0,614568.0
2024-09-12,15.1,14.89,15.25,14.88,377171.0,377171.0
2024-09-13,14.83,14.73,14.96,14.59,294370.0,294370.0
2024-09-18,14.7,14.68,14.8,14.5,210313.0,210313.0
2024-09-19,14.81,14.69,14.85,14.52,274106.0,274106.0
2024-09-20,14.6,14.49,14.64,14.15,464445.0,464445.0
2024-09-23,14.38,14.48,14.65,14.38,197883.0,197883.0
2024-09-24,14.56,15.29,15.29,14.55,616280.0,616280.0
2024-09-25,15.5,15.46,15.8,15.4,559424.0,559424.0
2024-09-26,15.4,15.99,15.99,15.36,447554.0,447554.0
2024-09-27,16.37,17.22,17.44,16.34,903981.0,903981.0
2024-09-30,18.13,18.56,18.7,17.77,1344359.0,1344359.0
2024-10-08,20.39,19.0,20.39,18.47,1837265.0,1837265.0
2024-10-09,18.48,17.67,18.8,17.5,1160669.0,1160669.0
2024-10-10,17.75,17.57,18.18,17.51,649877.0,649877.0
2024-10-11,17.6,17.15,17.65,16.95,542511.0,542511.0
2024-10-14,17.28,17.4,17.55,17.07,429273.0,429273.0
2024-10-15,17.43,17.4,17.77,17.25,473933.0,473933.0
2024-10-16,17.26,17.27,17.63,17.15,323439.0,323439.0
2024-10-17,17.39,16.83,17.47,16.83,354733.0,354733.0
2024-10-18,16.79,17.21,17.49,16.66,536867.0,536867.0
2024-10-21,17.33,17.22,17.44,17.01,456833.0,456833.0
2024-10-22,17.18,17.36,17.36,17.11,270116.0,270116.0
2024-10-23,17.37,18.01,18.53,17.29,1088126.0,1088126.0
2024-10-24,17.6,17.37,17.68,17.34,515193.0,515193.0
2024-10-25,17.31,18.05,18.38,17.31,898426.0,898426.0
2024-10-28,18.0,18.09,18.22,17.87,450204.0,450204.0
2024-10-29,18.11,17.88,18.16,17.8,378287.0,378287.0
2024-10-30,17.8,17.6,17.95,17.43,376838.0,376838.0
2024-10-31,17.6,17.94,18.13,17.5,474526.0,474526.0
2024-11-01,17.89,18.21,18.64,17.8,779582.0,779582.0
2024-11-04,18.27,18.38,18.38,18.02,424915.0,424915.0
2024-11-05,18.34,18.96,19.1,18.28,722982.0,722982.0
2024-11-06,18.86,19.49,20.2,18.7,1185702.0,1185702.0
2024-11-07,19.5,19.51,19.58,19.1,669395.0,669395.0
2024-11-08,19.78,19.37,20.04,19.29,624295.0,624295.0
2024-11-11,19.29,19.46,19.66,19.01,636770.0,636770.0
2024-11-12,19.62,19.71,20.75,19.54,1427370.0,1427370.0
2024-11-13,19.74,20.03,20.33,19.65,722503.0,722503.0
2024-11-14,20.14,18.95,20.2,18.93,848741.0,848741.0
2024-11-15,18.8,18.43,19.09,18.42,528641.0,528641.0
2024-11-18,18.43,18.31,18.73,18.23,415210.0,415210.0
2024-11-19,18.48,18.99,19.07,18.21,530965.0,530965.0
2024-11-20,18.8,19.21,19.8,18.75,631150.0,631150.0
2024-11-21,18.96,18.98,19.15,18.83,312371.0,312371.0
2024-11-22,18.81,18.33,18.95,18.32,393629.0,393629.0
2024-11-25,18.33,18.17,18.62,18.09,363897.0,363897.0
2024-11-26,18.17,17.82,18.18,17.74,315685.0,315685.0
2024-11-27,17.7,18.03,18.06,17.6,288309.0,288309.0
2024-11-28,18.03,17.66,18.13,17.61,361411.0,361411.0
2024-11-29,17.67,17.86,18.08,17.61,380522.0,380522.0
2024-12-02,17.75,17.83,17.93,17.6,374366.0,374366.0
2024-12-03,17.86,17.62,17.9,17.48,446483.0,446483.0
2024-12-04,17.66,17.44,17.67,17.38,303180.0,303180.0
2024-12-05,17.4,17.49,17.59,17.31,296392.0,296392.0
2024-12-06,17.49,17.8,17.84,17.32,397626.0,397626.0
2024-12-09,17.73,17.6,17.82,17.46,261523.0,261523.0
2024-12-10,18.05,17.62,18.08,17.57,396738.0,396738.0
2024-12-11,17.58,17.51,17.73,17.45,347563.0,347563.0
2024-12-12,17.52,17.47,17.57,17.31,472924.0,472924.0
2024-12-13,17.38,16.76,17.38,16.71,1161026.0,1161026.0
2024-12-16,16.7,16.54,16.82,16.46,672014.0,672014.0
2024-12-17,16.59,16.53,16.79,16.51,308582.0,308582.0
2024-12-18,16.62,16.6,16.7,16.54,225065.0,225065.0
2024-12-19,16.52,16.89,16.9,16.31,341383.0,341383.0
2024-12-20,16.89,16.68,16.97,16.68,429618.0,429618.0
2024-12-23,16.77,16.54,16.91,16.54,272842.0,272842.0
2024-12-24,16.6,16.84,16.84,16.55,257607.0,257607.0
2024-12-25,16.89,16.45,16.91,16.38,302016.0,302016.0
2024-12-26,16.49,16.47,16.64,16.45,185391.0,185391.0
2024-12-27,16.48,16.4,16.62,16.4,255271.0,255271.0
2024-12-30,16.39,16.45,16.48,16.24,341701.0,341701.0
2024-12-31,16.7,16.46,16.75,16.32,600798.0,600798.0
2025-01-02,16.48,16.25,16.96,16.13,639775.0,639775.0
2025-01-03,16.23,16.34,16.69,16.23,569884.0,569884.0
2025-01-06,16.35,16.62,17.03,16.29,689366.0,689366.0
2025-01-07,16.62,16.68,16.88,16.38,364879.0,364879.0
2025-01-08,16.58,16.2,16.66,16.02,496623.0,496623.0
2025-01-09,16.15,16.25,16.43,16.12,263499.0,263499.0
2025-01-10,16.3,15.9,16.3,15.89,266643.0,266643.0
2025-01-13,15.81,16.09,16.25,15.71,340194.0,340194.0
2025-01-14,16.09,16.49,16.53,16.05,353660.0,353660.0
2025-01-15,16.53,16.49,16.57,16.33,258402.0,258402.0
2025-01-16,16.52,16.53,16.69,16.36,237924.0,237924.0
2025-01-17,16.53,16.79,16.82,16.49,345792.0,345792.0
2025-01-20,16.82,16.55,16.88,16.51,339882.0,339882.0
2025-01-21,16.6,16.31,16.65,16.25,236902.0,236902.0
2025-01-22,16.21,16.2,16.25,16.01,197403.0,197403.0
2025-01-23,16.31,16.15,16.52,16.12,289163.0,289163.0
2025-01-24,16.15,16.25,16.28,16.1,187519.0,187519.0
2025-01-27,16.33,16.53,16.78,16.32,381647.0,381647.0
2025-02-05,16.54,16.31,16.59,16.22,302223.0,302223.0
2025-02-06,16.32,16.71,16.75,16.26,361108.0,361108.0
2025-02-07,16.65,16.71,16.85,16.53,412254.0,412254.0
2025-02-10,16.84,16.69,16.84,16.58,358005.0,358005.0
2025-02-11,16.69,16.47,16.73,16.44,308411.0,308411.0
2025-02-12,16.45,16.72,16.86,16.38,492575.0,492575.0
2025-02-13,16.71,16.78,17.01,16.66,565529.0,565529.0
2025-02-14,16.86,16.76,16.93,16.68,307697.0,307697.0
2025-02-17,16.78,16.65,16.82,16.55,318793.0,318793.0
2025-02-18,16.7,16.57,16.86,16.52,444342.0,444342.0
2025-02-19,16.56,16.43,16.61,16.32,445350.0,445350.0
2025-02-20,16.43,16.37,16.45,16.26,284520.0,284520.0
2025-02-21,16.44,16.52,16.62,16.37,420090.0,420090.0
2025-02-24,16.98,17.2,17.64,16.97,1219270.0,1219270.0
2025-02-25,17.14,17.06,17.38,17.01,585786.0,585786.0
2025-02-26,17.11,16.87,17.3,16.8,579054.0,579054.0
2025-02-27,16.96,16.81,16.97,16.63,498848.0,498848.0
2025-02-28,16.76,16.5,16.89,16.43,475438.0,475438.0
2025-03-03,16.6,16.84,17.1,16.55,758159.0,758159.0
2025-03-04,16.68,16.64,16.71,16.43,554827.0,554827.0
2025-03-05,16.64,16.51,16.65,16.42,370529.0,370529.0
2025-03-06,16.56,16.74,16.74,16.47,438249.0,438249.0
2025-03-07,16.7,16.75,16.93,16.64,413230.0,413230.0
2025-03-10,16.73,16.52,16.79,16.46,475929.0,475929.0
2025-03-11,16.32,16.53,16.53,16.28,391711.0,391711.0
2025-03-12,16.54,16.48,16.58,16.4,314340.0,314340.0
2025-03-13,16.42,16.71,16.78,16.38,559413.0,559413.0
2025-03-14,16.74,17.04,17.1,16.73,791123.0,791123.0
2025-03-17,17.1,16.97,17.17,16.94,340273.0,340273.0
2025-03-18,17.05,16.87,17.06,16.84,280694.0,280694.0
2025-03-19,16.87,16.7,16.88,16.63,357355.0,357355.0
2025-03-20,16.66,16.64,16.79,16.63,243261.0,243261.0
2025-03-21,16.64,16.6,16.77,16.4,443393.0,443393.0
2025-03-24,16.52,16.55,16.59,16.42,334949.0,334949.0
2025-03-25,16.56,16.76,16.79,16.5,402248.0,402248.0
2025-03-26,16.71,16.6,16.79,16.59,295038.0,295038.0
2025-03-27,16.55,16.63,16.71,16.51,253623.0,253623.0
2025-03-28,16.58,16.42,16.63,16.4,321701.0,321701.0
2025-03-31,16.54,16.56,16.77,16.42,418867.0,418867.0
2025-04-01,16.57,16.64,16.75,16.49,336712.0,336712.0
2025-04-02,16.61,16.59,16.68,16.54,227299.0,227299.0
2025-04-03,16.5,16.49,16.62,16.45,279820.0,279820.0
2025-04-07,15.8,15.1,15.95,14.84,935753.0,935753.0
2025-04-08,15.15,15.59,15.61,15.15,652059.0,652059.0
2025-04-09,15.62,16.19,16.37,15.58,845825.0,845825.0
2025-04-10,16.18,16.75,16.82,16.02,804260.0,804260.0
2025-04-11,16.59,16.57,16.66,16.5,387394.0,387394.0
2025-04-14,16.63,16.71,16.83,16.54,369485.0,369485.0
2025-04-15,16.71,16.65,16.87,16.55,350849.0,350849.0
2025-04-16,16.56,16.51,16.6,16.35,342796.0,342796.0
2025-04-17,16.4,16.4,16.55,16.38,221940.0,221940.0
2025-04-18,16.39,16.41,16.48,16.3,177339.0,177339.0
2025-04-21,16.38,16.41,16.49,16.35,207741.0,207741.0
2025-04-22,16.36,16.37,16.47,16.35,214919.0,214919.0
2025-04-23,16.41,16.33,16.46,16.27,277156.0,277156.0
2025-04-24,16.39,16.34,16.63,16.32,396229.0,396229.0
2025-04-25,16.34,16.15,16.38,16.13,366681.0,366681.0
2025-04-28,16.17,16.11,16.19,15.99,205310.0,205310.0
2025-04-29,16.06,16.09,16.22,16.02,157817.0,157817.0
2025-04-30,16.11,16.0,16.12,16.0,192777.0,192777.0
2025-05-06,16.06,16.08,16.11,15.99,281229.0,281229.0
2025-05-07,16.19,16.11,16.23,16.01,345831.0,345831.0
2025-05-08,16.04,16.07,16.11,16.01,232267.0,232267.0
2025-05-09,16.07,15.95,16.08,15.91,339569.0,339569.0
2025-05-12,16.03,16.09,16.1,15.98,266305.0,266305.0
2025-05-13,16.35,16.11,16.4,16.11,312211.0,312211.0
2025-05-14,16.12,16.25,16.27,16.05,270807.0,270807.0
2025-05-15,16.16,16.0,16.23,16.0,295237.0,295237.0
2025-05-16,15.95,15.93,15.98,15.86,198302.0,198302.0
2025-05-19,15.91,15.87,15.94,15.82,196754.0,196754.0
2025-05-20,15.85,15.88,15.9,15.81,186883.0,186883.0
2025-05-21,15.88,16.07,16.09,15.86,319271.0,319271.0
2025-05-22,16.04,16.05,16.21,15.97,292726.0,292726.0
2025-05-23,16.12,16.06,16.39,16.05,376672.0,376672.0
2025-05-26,16.12,15.98,16.15,15.95,238490.0,238490.0
2025-05-27,15.97,15.93,16.04,15.92,198768.0,198768.0
2025-05-28,15.93,15.87,16.0,15.87,195866.0,195866.0
2025-05-29,15.87,15.91,15.93,15.85,208581.0,208581.0
2025-05-30,15.88,15.84,15.92,15.83,194658.0,194658.0
2025-06-03,15.78,15.77,15.9,15.72,239454.0,239454.0
2025-06-04,15.79,15.98,16.04,15.77,300706.0,300706.0
2025-06-05,16.05,16.17,16.43,15.97,541648.0,541648.0
2025-06-06,16.17,16.48,16.5,16.13,640677.0,640677.0
2025-06-09,16.49,16.41,16.51,16.33,275749.0,275749.0
2025-06-10,16.4,16.2,16.47,16.13,311479.0,311479.0
2025-06-11,16.24,16.51,16.7,16.15,539228.0,539228.0
2025-06-12,16.51,16.66,16.7,16.4,346461.0,346461.0
2025-06-13,16.68,16.66,16.86,16.59,542877.0,542877.0
2025-06-16,16.66,16.61,16.87,16.55,332098.0,332098.0
2025-06-17,16.56,16.57,16.75,16.55,228342.0,228342.0
2025-06-18,16.6,16.48,16.7,16.47,205274.0,205274.0
2025-06-19,16.48,16.33,16.54,16.3,235705.0,235705.0
2025-06-20,16.34,16.21,16.43,16.21,248676.0,248676.0
2025-06-23,16.21,16.4,16.45,16.21,272642.0,272642.0
2025-06-24,16.4,16.64,16.69,16.33,375401.0,375401.0
2025-06-25,16.6,16.6,16.65,16.43,365727.0,365727.0
2025-06-26,16.6,16.95,17.19,16.59,817890.0,817890.0
2025-06-27,17.13,17.06,17.27,17.01,507556.0,507556.0
2025-06-30,17.19,17.08,17.24,16.94,331244.0,331244.0
2025-07-01,17.02,17.01,17.08,16.92,282481.0,282481.0
2025-07-02,17.02,17.34,17.34,16.95,532577.0,532577.0
2025-07-03,17.34,17.69,17.74,17.26,568386.0,568386.0
2025-07-04,17.61,17.26,17.64,17.2,463054.0,463054.0
2025-07-07,17.19,17.12,17.25,17.08,295264.0,295264.0
2025-07-08,17.12,17.56,17.6,17.12,476885.0,476885.0
2025-07-09,17.6,17.43,17.65,17.38,320749.0,320749.0
2025-07-10,17.42,17.47,17.56,17.35,276390.0,276390.0
2025-07-11,17.58,17.5,17.83,17.46,518785.0,518785.0
2025-07-14,17.74,17.74,18.05,17.7,544513.0,544513.0
2025-07-15,17.59,17.4,17.72,17.38,456100.0,456100.0
2025-07-16,17.43,17.2,17.48,17.11,411849.0,411849.0
2025-07-17,17.22,17.48,17.55,17.19,458100.0,458100.0
2025-07-18,17.57,18.11,18.13,17.55,1206025.0,1206025.0
2025-07-21,18.14,18.05,18.2,18.01,553868.0,553868.0
2025-07-22,18.24,18.46,18.58,18.17,749193.0,749193.0
2025-07-23,18.6,18.29,18.8,18.26,877650.0,877650.0
2025-07-24,18.3,18.94,19.11,18.14,1276208.0,1276208.0
2025-07-25,19.09,18.8,19.19,18.78,771901.0,771901.0
2025-07-28,18.62,18.7,18.89,18.43,698385.0,698385.0
2025-07-29,18.64,18.61,18.77,18.45,438042.0,438042.0
2025-07-30,18.88,18.7,19.14,18.54,680015.0,680015.0
2025-07-31,18.51,18.03,18.57,17.96,853058.0,853058.0
2025-08-01,18.14,17.99,18.2,17.81,508691.0,508691.0
2025-08-04,17.97,18.13,18.14,17.85,398735.0,398735.0
2025-08-05,18.18,18.29,18.43,18.17,451489.0,451489.0
2025-08-06,18.24,18.22,18.34,18.14,347223.0,347223.0
2025-08-07,18.33,18.48,18.5,18.12,592265.0,592265.0
2025-08-08,18.4,18.74,18.87,18.38,615046.0,615046.0
2025-08-11,19.71,19.61,19.88,19.3,1117404.0,1117404.0
2025-08-12,19.86,19.86,19.86,19.86,5.877471754111438e-39,
2025-08-13,19.37,19.33,19.46,19.26,355918.0,
2025-08-14,19.35,19.18,19.39,19.16,260148.0,
2025-08-15,18.96,19.17,19.19,18.91,623752.0,
2025-08-18,19.45,19.25,19.53,19.23,266832.0,
2025-08-19,19.19,19.11,19.34,19.06,489236.0,
2025-08-20,18.9,19.17,19.41,18.82,682348.0,
2025-08-21,19.2,19.24,19.42,19.15,616038.0,
2025-08-22,19.24,19.3,19.4,19.21,351219.0,
2025-08-25,19.5,19.41,19.67,19.33,563277.0,
2025-08-26,19.55,19.87,19.97,19.41,582997.0,
2025-08-27,19.8,19.8,19.8,19.8,5.877471754111438e-39,
2025-08-28,19.38,19.69,19.74,19.15,792940.0,
2025-08-29,19.59,20.28,20.48,19.59,1105889.0,
2025-09-01,20.24,20.06,20.3,19.81,822104.0,
2025-09-02,20.07,19.8,20.23,19.61,668318.0,
2025-09-03,19.85,19.47,20.08,19.38,643847.0,
2025-09-04,19.46,19.13,19.75,18.88,767720.0,
2025-09-05,19.2,20.1,20.15,19.15,900705.0,
2025-09-08,20.31,20.79,20.89,19.96,1258584.0,
2025-09-09,20.79,20.79,20.79,20.79,5.877471754111438e-39,
2025-09-10,20.26,19.99,20.35,19.77,1045622.0,
2025-09-11,20.0,20.16,20.32,19.96,592469.0,
2025-09-12,20.15,20.26,20.45,19.96,614557.0,
2025-09-15,20.21,20.44,20.73,20.21,602968.0,
2025-09-16,20.58,20.12,20.66,19.95,537284.0,
2025-09-17,20.12,20.12,20.12,20.12,5.877471754111438e-39,
2025-09-18,20.01,19.6,20.04,19.38,749025.0,
2025-09-19,19.63,19.83,20.1,19.6,577905.0,
2025-09-22,19.84,19.58,20.05,19.45,467771.0,
2025-09-23,19.54,19.28,19.55,19.0,526963.0,
2025-09-24,19.3,19.62,19.64,19.25,395914.0,
2025-09-25,19.65,19.59,19.83,19.56,458176.0,
2025-09-26,19.46,19.59,19.78,19.42,365610.0,
2025-09-29,19.94,20.21,20.24,19.65,760162.0,
2025-09-30,20.3,20.85,20.92,20.12,886499.0,
2025-10-09,21.45,22.41,22.47,21.1,1628692.0,
2025-10-10,22.28,21.99,22.45,21.88,992085.0,
2025-10-13,21.31,22.09,22.15,21.31,962635.0,
2025-10-14,23.7,22.51,24.1,22.33,1699820.0,
2025-10-15,22.75,22.78,22.92,22.15,1004341.0,
2025-10-16,22.65,22.34,22.78,22.21,691474.0,
2025-10-17,22.5,22.1,22.87,22.05,860522.0,
2025-10-20,22.3,21.7,22.35,21.5,745374.0,
2025-10-21,21.79,21.98,22.07,21.58,498454.0,
2025-10-22,21.73,21.84,21.98,21.43,413689.0,
2025-10-23,21.87,22.88,22.93,21.7,936980.0,
2025-10-24,23.04,23.22,23.66,23.01,799761.0,
2025-10-27,23.5,23.9,24.15,23.49,1011651.0,
2025-10-28,24.08,23.7,24.44,23.59,1040679.0,
2025-10-29,23.69,25.01,25.1,23.6,1308063.0,
2025-10-30,25.32,25.13,25.48,24.79,1262349.0,
2025-10-31,24.92,24.8,25.88,24.72,1202574.0,
2025-11-03,24.79,24.61,25.0,24.07,818085.0,
2025-11-04,24.51,23.87,24.8,23.61,783627.0,
2025-11-05,23.51,24.4,24.53,23.26,589294.0,
2025-11-06,24.71,25.14,25.56,24.6,1045489.0,
2025-11-07,25.25,25.38,25.91,24.68,1250674.0,
2025-11-10,25.88,25.56,26.26,25.32,1098907.0,
2025-11-11,25.5,25.15,25.88,25.0,694338.0,
2025-11-12,24.95,24.91,25.27,24.4,620151.0,
2025-11-13,24.89,26.89,27.34,24.89,1840846.0,
2025-11-14,26.43,26.09,26.89,25.98,904007.0,
2025-11-17,26.88,27.75,28.09,26.85,1679415.0,
2025-11-18,28.0,26.35,28.07,26.15,1525806.0,
2025-11-19,26.81,27.75,28.39,26.8,1896572.0,
2025-11-20,28.0,28.06,29.65,27.51,2111129.0,
2025-11-21,26.8,26.04,27.0,25.75,2051830.0,
2025-11-24,26.27,25.38,26.29,24.75,1351280.0,
2025-11-25,25.68,26.14,26.3,25.31,985359.0,
2025-11-26,26.82,26.49,27.29,26.14,1194030.0,
2025-11-27,26.3,26.23,26.75,26.12,699037.0,
2025-11-28,26.11,26.45,26.9,26.02,719954.0,
2025-12-01,26.81,26.48,27.17,26.25,760272.0,
2025-12-02,26.29,25.91,26.29,25.62,554586.0,
2025-12-03,26.0,25.5,26.13,25.35,636766.0,
2025-12-04,25.5,25.32,25.89,25.06,523211.0,
2025-12-05,25.18,25.31,25.5,25.11,494338.0,
2025-12-08,25.41,26.1,26.23,25.38,794884.0,
2025-12-09,25.9,25.13,25.93,25.0,686013.0,
2025-12-10,25.24,25.63,25.87,24.88,543007.0,
2025-12-11,25.94,25.63,26.35,25.58,730541.0,
2025-12-12,26.09,25.14,26.2,25.0,1065155.0,
2025-12-15,24.81,24.93,25.2,24.69,718962.0,
2025-12-16,25.01,25.02,25.28,24.64,631719.0,
2025-12-17,25.67,26.98,27.12,25.67,1672617.0,
2025-12-18,26.8,26.46,27.3,26.43,851797.0,
2025-12-19,26.68,27.03,27.5,26.22,1239440.0,
2025-12-22,27.5,28.17,28.44,27.42,1215597.0,
2025-12-23,28.15,28.4,28.57,27.95,890673.0,
2025-12-24,28.6,28.62,28.94,28.33,886883.0,
2025-12-25,27.92,28.16,28.3,27.78,699059.0,
2025-12-26,28.78,28.99,29.26,28.51,1004699.0,
2025-12-29,29.0,27.69,29.0,27.65,1063635.0,
2025-12-30,27.52,27.74,28.04,27.3,621342.0,
2025-12-31,28.0,28.16,28.96,27.98,979810.0,
2026-01-05,30.26,30.98,30.98,30.24,1632273.0,
2026-01-06,32.0,32.37,32.75,31.51,2144156.0,
2026-01-07,32.35,32.29,32.58,32.06,813224.0,
2026-01-08,32.3,31.06,32.62,31.05,1162499.0,
2026-01-09,31.01,31.44,31.49,30.98,305790.0,
2026-01-12,32.6,32.19,32.79,31.93,478490.0,
2026-01-13,32.4,33.84,33.98,32.4,955023.0,
2026-01-14,33.75,33.27,34.1,32.68,1479088.0,
2026-01-15,32.78,33.52,34.36,32.71,854445.0,
2026-01-16,33.6,33.73,34.66,33.45,403071.0,
2026-01-19,32.9,33.42,33.84,32.64,828565.0,
2026-01-20,33.98,34.07,34.39,32.79,1201947.0,
2026-01-21,34.69,34.85,35.25,34.1,1253075.0,
2026-01-22,35.16,34.99,35.5,34.58,1022301.0,
2026-01-23,35.38,35.6,35.88,34.97,1102218.0,
