date,open,close,high,low,volume,volume.1
2022-04-26,2.61096,2.45916,2.61096,2.44904,424854.0,424854.0
2022-04-27,2.53,2.62108,2.6312,2.46928,541531.0,541531.0
2022-04-28,2.61096,2.69192,2.76276,2.59072,590213.0,590213.0
2022-04-29,2.70204,2.7121600000000003,2.76276,2.6716800000000003,394694.0,394694.0
2022-05-05,2.72228,2.9854000000000003,2.9854000000000003,2.70204,1024213.0,1024213.0
2022-05-06,2.9854000000000003,2.92468,3.07648,2.8842000000000003,1616522.0,1616522.0
2022-05-09,2.89432,3.036,3.21816,2.87408,1789016.0,1789016.0
2022-05-10,2.99552,3.00564,3.0258800000000003,2.94492,958561.0,958561.0
2022-05-11,2.9854000000000003,2.9348,3.00564,2.91456,988259.0,988259.0
2022-05-12,2.94492,2.94492,2.97528,2.89432,796803.0,796803.0
2022-05-13,2.96516,2.9348,2.97528,2.90444,725726.0,725726.0
2022-05-16,2.95504,2.94492,3.00564,2.91456,817594.0,817594.0
2022-05-17,2.94492,2.91456,2.94492,2.85384,693913.0,693913.0
2022-05-18,2.90444,3.01576,3.1372,2.87408,1759668.0,1759668.0
2022-05-19,2.9854000000000003,3.0258800000000003,3.05624,2.95504,1104691.0,1104691.0
2022-05-20,3.04612,3.01576,3.0866,2.99552,996956.0,996956.0
2022-05-23,3.01576,2.99552,3.05624,2.9854000000000003,779001.0,779001.0
2022-05-24,2.99552,2.90444,3.00564,2.89432,788832.0,788832.0
2022-05-25,2.90444,2.9348,2.94492,2.8842000000000003,627456.0,627456.0
2022-05-26,2.9348,3.00564,3.01576,2.90444,959980.0,959980.0
2022-05-27,3.00564,2.97528,3.0258800000000003,2.94492,690901.0,690901.0
2022-05-30,3.00564,3.10684,3.21816,2.97528,1684125.0,1684125.0
2022-05-31,3.09672,3.0866,3.11696,3.036,1163101.0,1163101.0
2022-06-01,3.07648,3.16756,3.2384000000000004,3.05624,1744471.0,1744471.0
2022-06-02,3.12708,3.11696,3.14732,3.0866,992058.0,992058.0
2022-06-06,3.10684,3.10684,3.11696,3.05624,881388.0,881388.0
2022-06-07,3.10684,3.07648,3.10684,3.05624,706858.0,706858.0
2022-06-08,3.0866,3.06636,3.10684,2.9854000000000003,936770.0,936770.0
2022-06-09,3.06636,3.07648,3.20804,3.04612,1165901.0,1165901.0
2022-06-10,3.05624,3.38008,3.38008,3.0258800000000003,1466597.0,1466597.0
2022-06-13,3.3902,3.29912,3.4104400000000004,3.24852,2637214.0,2637214.0
2022-06-14,3.26876,3.22828,3.289,3.14732,1650055.0,1650055.0
2022-06-15,3.24852,3.29912,3.52176,3.20804,2266438.0,2266438.0
2022-06-16,3.289,3.2384000000000004,3.35984,3.22828,1126427.0,1126427.0
2022-06-17,3.22828,3.24852,3.289,3.20804,795445.0,795445.0
2022-06-20,3.26876,3.17768,3.2788800000000005,3.16756,916568.0,916568.0
2022-06-21,3.1979200000000003,3.1979200000000003,3.2384000000000004,3.15744,684395.0,684395.0
2022-06-22,3.20804,3.0866,3.20804,3.0866,954226.0,954226.0
2022-06-23,3.0866,3.11696,3.11696,3.05624,710887.0,710887.0
2022-06-24,3.11696,3.12708,3.14732,3.07648,683099.0,683099.0
2022-06-27,3.12708,3.05624,3.12708,3.04612,807671.0,807671.0
2022-06-28,3.05624,3.09672,3.11696,3.04612,643653.0,643653.0
2022-06-29,3.10684,3.12708,3.1878,3.07648,1019867.0,1019867.0
2022-06-30,3.1372,3.1372,3.17768,3.10684,682793.0,682793.0
2022-07-01,3.14732,3.10684,3.15744,3.10684,479628.0,479628.0
2022-07-04,3.15744,3.21816,3.25864,3.12708,976810.0,976810.0
2022-07-05,3.21816,3.25864,3.289,3.17768,1100105.0,1100105.0
2022-07-06,3.26876,3.22828,3.2788800000000005,3.17768,800734.0,800734.0
2022-07-07,3.21816,3.1878,3.25864,3.17768,671460.0,671460.0
2022-07-08,3.1878,3.31936,3.4914,3.15744,2348329.0,2348329.0
2022-07-11,3.30924,3.22828,3.34972,3.1979200000000003,1289134.0,1289134.0
2022-07-12,3.22828,3.12708,3.2384000000000004,3.11696,958830.0,958830.0
2022-07-13,3.20804,3.26876,3.31936,3.1979200000000003,1391847.0,1391847.0
2022-07-14,3.26876,3.1979200000000003,3.2788800000000005,3.17768,804539.0,804539.0
2022-07-15,3.1979200000000003,3.10684,3.20804,3.10684,774404.0,774404.0
2022-07-18,3.0866,3.17768,3.1979200000000003,3.07648,582614.0,582614.0
2022-07-19,3.1878,3.22828,3.2384000000000004,3.16756,638494.0,638494.0
2022-07-20,3.22828,3.4104400000000004,3.47116,3.21816,2083385.0,2083385.0
2022-07-21,3.43068,3.4104400000000004,3.4914,3.40032,1355039.0,1355039.0
2022-07-22,3.43068,3.42056,3.45092,3.38008,842282.0,842282.0
2022-07-25,3.4104400000000004,3.3699600000000003,3.52176,3.34972,1117528.0,1117528.0
2022-07-26,3.3902,3.48128,3.50152,3.3396,1070560.0,1070560.0
2022-07-27,3.5116400000000003,3.5926,3.65332,3.45092,1426018.0,1426018.0
2022-07-28,3.58248,3.542,3.5926,3.52176,871953.0,871953.0
2022-07-29,3.56224,3.4914,3.57236,3.48128,596248.0,596248.0
2022-08-01,3.52176,3.45092,3.5926,3.4408,817852.0,817852.0
2022-08-02,3.4408,3.31936,3.46104,3.25864,1183700.0,1183700.0
2022-08-03,3.32948,3.30924,3.4104400000000004,3.289,968868.0,968868.0
2022-08-04,3.32948,3.30924,3.34972,3.26876,581835.0,581835.0
2022-08-05,3.31936,3.34972,3.38008,3.29912,632717.0,632717.0
2022-08-08,3.35984,3.4104400000000004,3.42056,3.31936,597653.0,597653.0
2022-08-09,3.4104400000000004,3.38008,3.4104400000000004,3.35984,458145.0,458145.0
2022-08-10,3.38008,3.31936,3.3902,3.29912,518756.0,518756.0
2022-08-11,3.34972,3.3902,3.40032,3.3396,575030.0,575030.0
2022-08-12,3.3902,3.38008,3.42056,3.3699600000000003,516203.0,516203.0
2022-08-15,3.3699600000000003,3.35984,3.38008,3.31936,438683.0,438683.0
2022-08-16,3.34972,3.34972,3.3902,3.32948,411134.0,411134.0
2022-08-17,3.34972,3.32948,3.35984,3.31936,442398.0,442398.0
2022-08-18,3.30924,3.26876,3.31936,3.24852,598216.0,598216.0
2022-08-19,3.25864,3.25864,3.29912,3.25864,412394.0,412394.0
2022-08-22,3.25864,3.29912,3.31936,3.22828,416318.0,416318.0
2022-08-23,3.29912,3.2788800000000005,3.29912,3.25864,288185.0,288185.0
2022-08-24,3.289,3.1979200000000003,3.32948,3.1878,562803.0,562803.0
2022-08-25,3.20804,3.22828,3.24852,3.1878,406493.0,406493.0
2022-08-26,3.24852,3.24852,3.2788800000000005,3.21816,346687.0,346687.0
2022-08-29,3.21816,3.22828,3.24852,3.16756,442147.0,442147.0
2022-08-30,3.22828,3.25864,3.289,3.22828,396771.0,396771.0
2022-08-31,3.25864,3.17768,3.2788800000000005,3.17768,433000.0,433000.0
2022-09-01,3.1878,3.1372,3.21816,3.12708,422127.0,422127.0
2022-09-02,3.14732,3.16756,3.17768,3.1372,343444.0,343444.0
2022-09-05,3.16756,3.1979200000000003,3.20804,3.15744,349687.0,349687.0
2022-09-06,3.20804,3.2384000000000004,3.24852,3.1979200000000003,358670.0,358670.0
2022-09-07,3.24852,3.21816,3.24852,3.20804,299380.0,299380.0
2022-09-08,3.22828,3.20804,3.2384000000000004,3.1979200000000003,271456.0,271456.0
2022-09-09,3.21816,3.24852,3.26876,3.20804,385873.0,385873.0
2022-09-13,3.25864,3.24852,3.26876,3.22828,307903.0,307903.0
2022-09-14,3.21816,3.1979200000000003,3.2384000000000004,3.1878,304419.0,304419.0
2022-09-15,3.21816,3.16756,3.21816,3.1372,458733.0,458733.0
2022-09-16,3.16756,3.04612,3.16756,3.04612,475115.0,475115.0
2022-09-19,3.036,2.97528,3.05624,2.95504,392286.0,392286.0
2022-09-20,2.99552,3.0258800000000003,3.036,2.9854000000000003,310826.0,310826.0
2022-09-21,3.00564,3.0866,3.10684,2.95504,329134.0,329134.0
2022-09-22,3.05624,3.036,3.10684,3.0258800000000003,268783.0,268783.0
2022-09-23,3.036,3.04612,3.0866,3.00564,321951.0,321951.0
2022-09-26,3.036,2.9348,3.036,2.92468,379071.0,379071.0
2022-09-27,2.91456,2.99552,3.00564,2.91456,366031.0,366031.0
2022-09-28,2.99552,2.95504,3.0258800000000003,2.95504,290098.0,290098.0
2022-09-29,2.96516,2.94492,3.036,2.92468,314232.0,314232.0
2022-09-30,2.95504,2.94492,2.97528,2.91456,246733.0,246733.0
2022-10-10,3.00564,2.99552,3.11696,2.97528,654222.0,654222.0
2022-10-11,2.9854000000000003,3.06636,3.0866,2.91456,631259.0,631259.0
2022-10-12,3.036,3.0866,3.0866,2.99552,478962.0,478962.0
2022-10-13,3.06636,3.06636,3.09672,3.036,374784.0,374784.0
2022-10-14,3.0866,3.09672,3.11696,3.07648,478081.0,478081.0
2022-10-17,3.0866,3.16756,3.17768,3.07648,534131.0,534131.0
2022-10-18,3.16756,3.1372,3.17768,3.11696,406939.0,406939.0
2022-10-19,3.1372,3.09672,3.1372,3.0866,278327.0,278327.0
2022-10-20,3.07648,3.09672,3.14732,3.07648,298510.0,298510.0
2022-10-21,3.10684,3.10684,3.12708,3.06636,301306.0,301306.0
2022-10-24,3.11696,3.06636,3.1372,3.05624,371937.0,371937.0
2022-10-25,3.06636,3.07648,3.10684,3.036,330667.0,330667.0
2022-10-26,3.07648,3.14732,3.14732,3.06636,423462.0,423462.0
2022-10-27,3.15744,3.1878,3.20804,3.1372,500385.0,500385.0
2022-10-28,3.16756,3.0258800000000003,3.17768,3.00564,755905.0,755905.0
2022-10-31,3.00564,2.96516,3.0258800000000003,2.9348,482537.0,482537.0
2022-11-01,2.97528,3.01576,3.01576,2.94492,390274.0,390274.0
2022-11-02,3.00564,3.01576,3.0258800000000003,2.97528,382079.0,382079.0
2022-11-03,2.99552,2.9854000000000003,3.01576,2.97528,325921.0,325921.0
2022-11-04,2.9854000000000003,3.0258800000000003,3.036,2.97528,351474.0,351474.0
2022-11-07,3.036,3.06636,3.07648,3.0258800000000003,451833.0,451833.0
2022-11-08,3.09672,3.07648,3.09672,3.04612,294871.0,294871.0
2022-11-09,3.07648,3.04612,3.09672,3.036,292958.0,292958.0
2022-11-10,3.04612,3.05624,3.07648,3.01576,293754.0,293754.0
2022-11-11,3.10684,3.06636,3.11696,3.06636,387414.0,387414.0
2022-11-14,3.07648,3.04612,3.0866,3.036,358547.0,358547.0
2022-11-15,3.05624,3.07648,3.0866,3.04612,350200.0,350200.0
2022-11-16,3.0866,3.07648,3.09672,3.06636,327546.0,327546.0
2022-11-17,3.07648,3.0866,3.09672,3.04612,316374.0,316374.0
2022-11-18,3.09672,3.07648,3.09672,3.05624,339498.0,339498.0
2022-11-21,3.07648,3.0866,3.09672,3.06636,287132.0,287132.0
2022-11-22,3.0866,3.10684,3.15744,3.07648,628127.0,628127.0
2022-11-23,3.11696,3.12708,3.1878,3.10684,652803.0,652803.0
2022-11-24,3.12708,3.09672,3.14732,3.0866,454900.0,454900.0
2022-11-25,3.09672,3.11696,3.12708,3.0866,284724.0,284724.0
2022-11-28,3.0866,3.09672,3.11696,3.04612,397756.0,397756.0
2022-11-29,3.10684,3.1372,3.14732,3.09672,473630.0,473630.0
2022-11-30,3.15744,3.14732,3.16756,3.12708,372475.0,372475.0
2022-12-01,3.15744,3.11696,3.16756,3.11696,381513.0,381513.0
2022-12-02,3.11696,3.16756,3.17768,3.11696,495279.0,495279.0
2022-12-05,3.20804,3.2384000000000004,3.26876,3.1878,736847.0,736847.0
2022-12-06,3.22828,3.21816,3.26876,3.1979200000000003,518497.0,518497.0
2022-12-07,3.21816,3.22828,3.24852,3.20804,399220.0,399220.0
2022-12-08,3.2384000000000004,3.20804,3.24852,3.1878,395850.0,395850.0
2022-12-09,3.20804,3.17768,3.21816,3.16756,487461.0,487461.0
2022-12-12,3.16756,3.11696,3.17768,3.10684,388335.0,388335.0
2022-12-13,3.12708,3.14732,3.15744,3.11696,323726.0,323726.0
2022-12-14,3.15744,3.10684,3.15744,3.09672,287233.0,287233.0
2022-12-15,3.12708,3.0866,3.1372,3.07648,308631.0,308631.0
2022-12-16,3.07648,3.0866,3.09672,3.06636,268228.0,268228.0
2022-12-19,3.0866,2.99552,3.09672,2.97528,490584.0,490584.0
2022-12-20,2.99552,3.00564,3.0258800000000003,2.97528,279813.0,279813.0
2022-12-21,3.01576,3.01576,3.036,2.9854000000000003,207819.0,207819.0
2022-12-22,3.01576,2.97528,3.04612,2.96516,303385.0,303385.0
2022-12-23,2.97528,2.95504,2.99552,2.9348,283099.0,283099.0
2022-12-26,2.94492,2.96516,2.96516,2.9348,259335.0,259335.0
2022-12-27,2.97528,2.97528,2.9854000000000003,2.95504,195112.0,195112.0
2022-12-28,2.96516,2.94492,2.97528,2.9348,257123.0,257123.0
2022-12-29,2.94492,2.92468,2.95504,2.92468,206607.0,206607.0
2022-12-30,2.9348,2.94492,2.95504,2.92468,159324.0,159324.0
2023-01-03,2.96516,2.99552,3.01576,2.95504,237734.0,237734.0
2023-01-04,2.99552,2.9854000000000003,3.00564,2.97528,248629.0,248629.0
2023-01-05,2.9854000000000003,2.9854000000000003,2.99552,2.97528,199040.0,199040.0
2023-01-06,2.99552,2.96516,2.99552,2.95504,233466.0,233466.0
2023-01-09,2.97528,2.97528,2.99552,2.96516,235237.0,235237.0
2023-01-10,2.97528,2.95504,2.9854000000000003,2.9348,226848.0,226848.0
2023-01-11,2.95504,2.94492,2.96516,2.9348,224042.0,224042.0
2023-01-12,2.94492,2.9348,2.95504,2.91456,242070.0,242070.0
2023-01-13,2.9348,2.97528,2.97528,2.92468,219547.0,219547.0
2023-01-16,2.97528,2.99552,3.01576,2.96516,302370.0,302370.0
2023-01-17,3.00564,2.99552,3.00564,2.97528,178212.0,178212.0
2023-01-18,2.99552,2.99552,3.00564,2.9854000000000003,162381.0,162381.0
2023-01-19,2.99552,3.00564,3.01576,2.97528,188494.0,188494.0
2023-01-20,3.0258800000000003,3.036,3.036,3.01576,294105.0,294105.0
2023-01-30,3.1372,3.14732,3.20804,3.10684,1070328.0,1070328.0
2023-01-31,3.14732,3.16756,3.1878,3.12708,539085.0,539085.0
2023-02-01,3.16756,3.16756,3.17768,3.12708,434226.0,434226.0
2023-02-02,3.16756,3.15744,3.17768,3.1372,403682.0,403682.0
2023-02-03,3.15744,3.1372,3.15744,3.10684,395539.0,395539.0
2023-02-06,3.11696,3.1372,3.15744,3.10684,299211.0,299211.0
2023-02-07,3.1372,3.15744,3.15744,3.11696,336189.0,336189.0
2023-02-08,3.15744,3.11696,3.15744,3.10684,309645.0,309645.0
2023-02-09,3.11696,3.14732,3.14732,3.10684,312234.0,312234.0
2023-02-10,3.14732,3.14732,3.16756,3.12708,327986.0,327986.0
2023-02-13,3.14732,3.16756,3.16756,3.1372,388219.0,388219.0
2023-02-14,3.15744,3.14732,3.1979200000000003,3.14732,324894.0,324894.0
2023-02-15,3.15744,3.15744,3.16756,3.1372,298863.0,298863.0
2023-02-16,3.15744,3.11696,3.1878,3.0866,551080.0,551080.0
2023-02-17,3.11696,3.1878,3.20804,3.10684,836021.0,836021.0
2023-02-20,3.1878,3.17768,3.1979200000000003,3.14732,552886.0,552886.0
2023-02-21,3.1878,3.21816,3.25864,3.17768,590951.0,590951.0
2023-02-22,3.20804,3.1979200000000003,3.21816,3.17768,370183.0,370183.0
2023-02-23,3.1979200000000003,3.17768,3.22828,3.17768,429392.0,429392.0
2023-02-24,3.17768,3.22828,3.2788800000000005,3.17768,855738.0,855738.0
2023-02-27,3.21816,3.21816,3.26876,3.1979200000000003,530718.0,530718.0
2023-02-28,3.22828,3.22828,3.2384000000000004,3.17768,463950.0,463950.0
2023-03-01,3.22828,3.2384000000000004,3.2384000000000004,3.20804,425373.0,425373.0
2023-03-02,3.22828,3.26876,3.289,3.22828,594006.0,594006.0
2023-03-03,3.26876,3.30924,3.31936,3.24852,626626.0,626626.0
2023-03-06,3.30924,3.26876,3.32948,3.25864,609299.0,609299.0
2023-03-07,3.26876,3.21816,3.289,3.20804,691453.0,691453.0
2023-03-08,3.20804,3.2384000000000004,3.2384000000000004,3.1979200000000003,384090.0,384090.0
2023-03-09,3.2384000000000004,3.1979200000000003,3.2384000000000004,3.1878,363313.0,363313.0
2023-03-10,3.1878,3.14732,3.1878,3.1372,371310.0,371310.0
2023-03-13,3.1372,3.17768,3.1878,3.12708,358897.0,358897.0
2023-03-14,3.17768,3.1372,3.17768,3.10684,366883.0,366883.0
2023-03-15,3.15744,3.1979200000000003,3.1979200000000003,3.14732,348428.0,348428.0
2023-03-16,3.1878,3.14732,3.21816,3.1372,371236.0,371236.0
2023-03-17,3.16756,3.1979200000000003,3.21816,3.15744,362204.0,362204.0
2023-03-20,3.20804,3.26876,3.31936,3.1979200000000003,726997.0,726997.0
2023-03-21,3.29912,3.29912,3.30924,3.25864,486434.0,486434.0
2023-03-22,3.29912,3.35984,3.38008,3.2788800000000005,854191.0,854191.0
2023-03-23,3.34972,3.31936,3.35984,3.30924,464907.0,464907.0
2023-03-24,3.32948,3.3699600000000003,3.3902,3.30924,703836.0,703836.0
2023-03-27,3.3699600000000003,3.29912,3.38008,3.2788800000000005,536818.0,536818.0
2023-03-28,3.31936,3.29912,3.34972,3.289,374819.0,374819.0
2023-03-29,3.29912,3.2384000000000004,3.30924,3.22828,407336.0,407336.0
2023-03-30,3.24852,3.24852,3.25864,3.1979200000000003,374605.0,374605.0
2023-03-31,3.24852,3.26876,3.2788800000000005,3.2384000000000004,276035.0,276035.0
2023-04-03,3.26876,3.24852,3.29912,3.2384000000000004,386167.0,386167.0
2023-04-04,3.24852,3.26876,3.26876,3.22828,305871.0,305871.0
2023-04-06,3.26876,3.24852,3.2788800000000005,3.21816,360442.0,360442.0
2023-04-07,3.24852,3.22828,3.26876,3.22828,267443.0,267443.0
2023-04-10,3.2384000000000004,3.1979200000000003,3.25864,3.1979200000000003,366931.0,366931.0
2023-04-11,3.21816,3.24852,3.24852,3.1878,343702.0,343702.0
2023-04-12,3.24852,3.31936,3.35984,3.2384000000000004,659602.0,659602.0
2023-04-13,3.24852,3.1372,3.26876,3.10684,1406481.0,1406481.0
2023-04-14,3.14732,3.12708,3.15744,3.10684,477890.0,477890.0
2023-04-17,3.12708,3.15744,3.16756,3.0866,562574.0,562574.0
2023-04-18,3.15744,3.1372,3.15744,3.12708,286540.0,286540.0
2023-04-19,3.14732,3.11696,3.14732,3.10684,269409.0,269409.0
2023-04-20,3.10684,3.0866,3.12708,3.06636,341743.0,341743.0
2023-04-21,3.0866,3.04612,3.10684,3.04612,395592.0,395592.0
2023-04-24,3.04612,3.04612,3.07648,3.036,328384.0,328384.0
2023-04-25,3.05624,3.04612,3.06636,3.0258800000000003,387515.0,387515.0
2023-04-26,3.036,3.05624,3.06636,3.0258800000000003,260923.0,260923.0
2023-04-27,3.05624,3.0866,3.09672,3.036,431913.0,431913.0
2023-04-28,3.09672,3.1372,3.1372,3.0866,356297.0,356297.0
2023-05-04,3.1372,3.20804,3.21816,3.12708,732598.0,732598.0
2023-05-05,3.20804,3.21816,3.22828,3.17768,512228.0,512228.0
2023-05-08,3.21816,3.25864,3.289,3.21816,852167.0,852167.0
2023-05-09,3.25864,3.2384000000000004,3.29912,3.22828,712591.0,712591.0
2023-05-10,3.22828,3.20804,3.24852,3.1878,590791.0,590791.0
2023-05-11,3.20804,3.22828,3.24852,3.20804,414629.0,414629.0
2023-05-12,3.21816,3.24852,3.30924,3.21816,602015.0,602015.0
2023-05-15,3.2384000000000004,3.24852,3.24852,3.15744,546970.0,546970.0
2023-05-16,3.24852,3.1878,3.25864,3.1878,350038.0,350038.0
2023-05-17,3.1979200000000003,3.26876,3.26876,3.17768,453135.0,453135.0
2023-05-18,3.25864,3.2384000000000004,3.289,3.22828,333885.0,333885.0
2023-05-19,3.2384000000000004,3.26876,3.30924,3.20804,558485.0,558485.0
2023-05-22,3.24852,3.22828,3.26876,3.1979200000000003,414111.0,414111.0
2023-05-23,3.22828,3.1372,3.22828,3.1372,503169.0,503169.0
2023-05-24,3.1372,3.0866,3.1372,3.07648,421333.0,421333.0
2023-05-25,3.0866,3.06636,3.09672,3.036,425010.0,425010.0
2023-05-26,3.05624,3.06636,3.07648,3.0258800000000003,426855.0,426855.0
2023-05-29,3.06636,3.036,3.09672,3.0258800000000003,390081.0,390081.0
2023-05-30,3.036,3.04612,3.04612,3.00564,366350.0,366350.0
2023-05-31,3.036,3.04612,3.06636,3.01576,275811.0,275811.0
2023-06-01,3.04612,3.0866,3.09672,3.036,370064.0,370064.0
2023-06-02,3.07648,3.0866,3.10684,3.07648,271643.0,271643.0
2023-06-05,3.0866,3.0866,3.10684,3.07648,228567.0,228567.0
2023-06-06,3.0866,3.036,3.09672,3.0258800000000003,346148.0,346148.0
2023-06-07,3.036,3.04612,3.06636,3.0258800000000003,254181.0,254181.0
2023-06-08,3.04612,3.07648,3.09672,3.0258800000000003,307849.0,307849.0
2023-06-09,3.0866,3.06636,3.0866,3.04612,292045.0,292045.0
2023-06-12,3.06636,3.04612,3.06636,3.036,257422.0,257422.0
2023-06-13,3.04612,3.036,3.05624,3.0258800000000003,234539.0,234539.0
2023-06-14,3.04612,3.036,3.05624,3.0258800000000003,268037.0,268037.0
2023-06-15,3.036,3.04612,3.04612,3.01576,299311.0,299311.0
2023-06-16,3.04612,3.05624,3.07648,3.036,272146.0,272146.0
2023-06-19,3.06636,3.036,3.07648,3.0258800000000003,272388.0,272388.0
2023-06-20,3.0258800000000003,3.01576,3.04612,3.00564,298014.0,298014.0
2023-06-21,3.00564,2.95504,3.01576,2.94492,544467.0,544467.0
2023-06-26,2.95504,2.89432,2.95504,2.89432,390602.0,390602.0
2023-06-27,2.90444,2.94492,2.95504,2.89432,271622.0,271622.0
2023-06-28,2.94492,2.95504,2.95504,2.90444,252346.0,252346.0
2023-06-29,2.94492,2.96516,2.9854000000000003,2.94492,194968.0,194968.0
2023-06-30,2.95504,3.00564,3.01576,2.95504,296490.0,296490.0
2023-07-03,3.00564,3.01576,3.036,3.00564,266609.0,266609.0
2023-07-04,3.01576,3.00564,3.0258800000000003,2.9854000000000003,181256.0,181256.0
2023-07-05,3.00564,2.99552,3.01576,2.9854000000000003,148918.0,148918.0
2023-07-06,2.99552,2.9854000000000003,3.00564,2.9854000000000003,184040.0,184040.0
2023-07-07,2.9854000000000003,3.00564,3.01576,2.97528,197260.0,197260.0
2023-07-10,3.00564,2.99552,3.01576,2.9854000000000003,164783.0,164783.0
2023-07-11,2.99552,3.00564,3.00564,2.9854000000000003,121530.0,121530.0
2023-07-12,3.00564,2.95504,3.00564,2.94492,231803.0,231803.0
2023-07-13,2.96516,2.97528,2.9854000000000003,2.95504,155361.0,155361.0
2023-07-14,2.97528,2.97528,2.99552,2.96516,142509.0,142509.0
2023-07-17,2.95504,2.9348,2.96516,2.92468,305670.0,305670.0
2023-07-18,2.9348,2.94492,2.96516,2.92468,197772.0,197772.0
2023-07-19,2.94492,2.96516,2.97528,2.94492,159973.0,159973.0
2023-07-20,2.96516,2.95504,2.9854000000000003,2.94492,241424.0,241424.0
2023-07-21,2.96516,2.97528,2.9854000000000003,2.95504,256635.0,256635.0
2023-07-24,2.97528,2.96516,2.99552,2.96516,168764.0,168764.0
2023-07-25,2.9854000000000003,3.01576,3.0258800000000003,2.97528,280492.0,280492.0
2023-07-26,3.00564,3.036,3.04612,3.00564,285198.0,285198.0
2023-07-27,3.10684,3.05624,3.14732,3.04612,648488.0,648488.0
2023-07-28,3.05624,3.12708,3.1372,3.05624,624648.0,624648.0
2023-07-31,3.12708,3.15744,3.16756,3.11696,576663.0,576663.0
2023-08-01,3.15744,3.15744,3.17768,3.1372,438474.0,438474.0
2023-08-02,3.15744,3.1372,3.15744,3.12708,348364.0,348364.0
2023-08-03,3.1372,3.14732,3.14732,3.10684,316902.0,316902.0
2023-08-04,3.15744,3.12708,3.16756,3.12708,312378.0,312378.0
2023-08-07,3.12708,3.10684,3.12708,3.09672,262161.0,262161.0
2023-08-08,3.09672,3.0866,3.10684,3.07648,206330.0,206330.0
2023-08-09,3.03,3.02,3.03,3.01,180160.0,180160.0
2023-08-10,3.02,3.02,3.03,3.01,183448.0,183448.0
2023-08-11,3.02,2.96,3.03,2.96,299423.0,299423.0
2023-08-14,2.95,2.97,2.98,2.92,278610.0,278610.0
2023-08-15,2.97,2.98,3.0,2.96,222987.0,222987.0
2023-08-16,2.98,2.98,3.01,2.96,233787.0,233787.0
2023-08-17,2.97,3.0,3.01,2.95,319650.0,319650.0
2023-08-18,2.98,2.95,3.0,2.94,355573.0,355573.0
2023-08-21,2.94,2.95,2.99,2.93,265954.0,265954.0
2023-08-22,2.96,2.93,2.97,2.9,310133.0,310133.0
2023-08-23,2.94,2.92,2.97,2.91,309622.0,309622.0
2023-08-24,2.92,2.89,2.93,2.88,314517.0,314517.0
2023-08-25,2.91,2.95,3.01,2.9,757356.0,757356.0
2023-08-28,3.04,2.99,3.07,2.97,850276.0,850276.0
2023-08-29,2.98,3.0,3.01,2.95,534273.0,534273.0
2023-08-30,3.0,2.95,3.0,2.95,398402.0,398402.0
2023-08-31,2.96,2.91,2.96,2.91,288449.0,288449.0
2023-09-01,2.91,2.92,2.94,2.9,200033.0,200033.0
2023-09-04,2.93,2.96,2.96,2.92,251762.0,251762.0
2023-09-05,2.95,2.93,2.96,2.92,192144.0,192144.0
2023-09-06,2.92,2.93,2.94,2.91,199230.0,199230.0
2023-09-07,2.92,2.9,2.93,2.89,247868.0,247868.0
2023-09-08,2.9,2.9,2.92,2.89,155833.0,155833.0
2023-09-11,2.91,2.93,2.94,2.9,243313.0,243313.0
2023-09-12,2.93,2.93,2.94,2.92,158749.0,158749.0
2023-09-13,2.93,2.93,2.94,2.91,214847.0,214847.0
2023-09-14,2.93,2.94,2.96,2.92,264446.0,264446.0
2023-09-15,2.95,2.97,2.97,2.94,264045.0,264045.0
2023-09-18,2.97,2.96,2.97,2.94,223521.0,223521.0
2023-09-19,2.96,2.95,2.97,2.94,175064.0,175064.0
2023-09-20,2.95,2.93,2.96,2.93,179006.0,179006.0
2023-09-21,2.92,2.92,2.95,2.91,191245.0,191245.0
2023-09-22,2.93,2.94,2.95,2.91,160647.0,160647.0
2023-09-25,2.94,2.91,2.95,2.91,172445.0,172445.0
2023-09-26,2.92,2.91,2.93,2.91,120810.0,120810.0
2023-09-27,2.91,2.92,2.93,2.9,165482.0,165482.0
2023-09-28,2.92,2.92,2.93,2.91,170136.0,170136.0
2023-10-09,2.92,2.91,2.93,2.9,166500.0,166500.0
2023-10-10,2.92,2.9,2.93,2.89,171422.0,171422.0
2023-10-11,2.91,2.89,2.92,2.89,172399.0,172399.0
2023-10-12,2.91,2.92,2.92,2.89,194089.0,194089.0
2023-10-13,2.91,2.9,2.91,2.89,155086.0,155086.0
2023-10-16,2.92,2.96,2.96,2.9,389082.0,389082.0
2023-10-17,2.95,2.94,2.96,2.93,236623.0,236623.0
2023-10-18,2.93,2.9,2.94,2.9,213733.0,213733.0
2023-10-19,2.89,2.87,2.9,2.86,247736.0,247736.0
2023-10-20,2.86,2.86,2.87,2.84,190198.0,190198.0
2023-10-23,2.85,2.81,2.85,2.79,222541.0,222541.0
2023-10-24,2.81,2.84,2.84,2.8,192810.0,192810.0
2023-10-25,2.85,2.86,2.88,2.85,234170.0,234170.0
2023-10-26,2.85,2.86,2.86,2.83,212001.0,212001.0
2023-10-27,2.85,2.88,2.89,2.84,278464.0,278464.0
2023-10-30,2.87,2.88,2.89,2.86,213404.0,213404.0
2023-10-31,2.88,2.89,2.9,2.87,243613.0,243613.0
2023-11-01,2.9,2.88,2.91,2.87,215419.0,215419.0
2023-11-02,2.89,2.87,2.9,2.86,180633.0,180633.0
2023-11-03,2.87,2.87,2.89,2.87,184888.0,184888.0
2023-11-06,2.88,2.9,2.9,2.87,222091.0,222091.0
2023-11-07,2.89,2.89,2.9,2.88,200342.0,200342.0
2023-11-08,2.89,2.87,2.9,2.87,210820.0,210820.0
2023-11-09,2.88,2.86,2.89,2.86,196847.0,196847.0
2023-11-10,2.85,2.85,2.86,2.82,209818.0,209818.0
2023-11-13,2.85,2.87,2.87,2.85,172447.0,172447.0
2023-11-14,2.88,2.87,2.89,2.86,196509.0,196509.0
2023-11-15,2.89,2.88,2.89,2.87,182712.0,182712.0
2023-11-16,2.88,2.86,2.89,2.85,229753.0,229753.0
2023-11-17,2.86,2.87,2.88,2.84,196103.0,196103.0
2023-11-20,2.87,2.88,2.89,2.86,232015.0,232015.0
2023-11-21,2.88,2.88,2.9,2.88,248669.0,248669.0
2023-11-22,2.88,2.87,2.89,2.86,188832.0,188832.0
2023-11-23,2.87,2.88,2.89,2.86,211684.0,211684.0
2023-11-24,2.88,2.88,2.89,2.86,204664.0,204664.0
2023-11-27,2.89,2.92,2.93,2.88,434516.0,434516.0
2023-11-28,2.92,2.9,2.92,2.89,246755.0,246755.0
2023-11-29,2.9,2.87,2.91,2.86,242649.0,242649.0
2023-11-30,2.87,2.86,2.88,2.85,192380.0,192380.0
2023-12-01,2.86,2.89,2.9,2.86,231509.0,231509.0
2023-12-04,2.9,2.91,2.92,2.89,266200.0,266200.0
2023-12-05,2.91,2.89,2.91,2.88,228404.0,228404.0
2023-12-06,2.88,2.91,2.92,2.86,277376.0,277376.0
2023-12-07,2.91,2.96,2.97,2.89,608591.0,608591.0
2023-12-08,2.95,2.96,2.99,2.93,766721.0,766721.0
2023-12-11,2.95,2.95,2.96,2.91,375014.0,375014.0
2023-12-12,2.95,2.96,2.97,2.94,227940.0,227940.0
2023-12-13,2.96,2.95,2.98,2.94,347527.0,347527.0
2023-12-14,2.96,2.94,2.97,2.94,252513.0,252513.0
2023-12-15,2.94,2.96,2.99,2.93,396417.0,396417.0
2023-12-18,2.96,2.91,2.96,2.91,297694.0,297694.0
2023-12-19,2.92,2.9,2.93,2.88,248114.0,248114.0
2023-12-20,2.9,2.85,2.9,2.83,260784.0,260784.0
2023-12-21,2.84,2.85,2.86,2.79,332685.0,332685.0
2023-12-22,2.85,2.83,2.86,2.81,276473.0,276473.0
2023-12-25,2.82,2.82,2.83,2.8,185448.0,185448.0
2023-12-26,2.82,2.8,2.84,2.8,174239.0,174239.0
2023-12-27,2.82,2.81,2.83,2.77,212845.0,212845.0
2023-12-28,2.81,2.83,2.85,2.8,230637.0,230637.0
2023-12-29,2.83,2.84,2.86,2.83,158055.0,158055.0
2024-01-02,2.84,2.9,2.95,2.84,512947.0,512947.0
2024-01-03,2.9,2.91,2.93,2.88,267768.0,267768.0
2024-01-04,2.9,2.9,2.91,2.88,186756.0,186756.0
2024-01-05,2.9,2.86,2.91,2.85,220544.0,220544.0
2024-01-08,2.87,2.81,2.87,2.81,221643.0,221643.0
2024-01-09,2.81,2.82,2.84,2.8,235987.0,235987.0
2024-01-10,2.81,2.82,2.84,2.79,192719.0,192719.0
2024-01-11,2.81,2.83,2.85,2.81,159499.0,159499.0
2024-01-12,2.83,2.82,2.86,2.82,181003.0,181003.0
2024-01-15,2.82,2.82,2.83,2.8,139593.0,139593.0
2024-01-16,2.81,2.79,2.83,2.75,337676.0,337676.0
2024-01-17,2.77,2.73,2.79,2.73,253775.0,253775.0
2024-01-18,2.72,2.68,2.72,2.61,421051.0,421051.0
2024-01-19,2.68,2.71,2.77,2.68,280675.0,280675.0
2024-01-22,2.71,2.61,2.72,2.6,299727.0,299727.0
2024-01-23,2.61,2.62,2.63,2.54,230040.0,230040.0
2024-01-24,2.62,2.7,2.71,2.59,338750.0,338750.0
2024-01-25,2.68,2.81,2.82,2.68,498697.0,498697.0
2024-01-26,2.81,2.86,2.87,2.8,521869.0,521869.0
2024-01-29,2.85,2.8,2.86,2.79,344911.0,344911.0
2024-01-30,2.8,2.78,2.84,2.76,336551.0,336551.0
2024-01-31,2.78,2.7,2.8,2.69,330730.0,330730.0
2024-02-01,2.68,2.66,2.72,2.63,298913.0,298913.0
2024-02-02,2.67,2.63,2.7,2.54,373308.0,373308.0
2024-02-05,2.61,2.64,2.66,2.43,614545.0,614545.0
2024-02-06,2.57,2.71,2.77,2.55,435451.0,435451.0
2024-02-07,2.71,2.8,2.81,2.69,575484.0,575484.0
2024-02-08,2.8,2.81,2.87,2.79,589094.0,589094.0
2024-02-19,2.82,2.8,2.84,2.77,428893.0,428893.0
2024-02-20,2.79,2.79,2.8,2.76,275488.0,275488.0
2024-02-21,2.78,2.81,2.85,2.77,423559.0,423559.0
2024-02-22,2.8,2.81,2.82,2.78,290663.0,290663.0
2024-02-23,2.81,2.81,2.82,2.78,276305.0,276305.0
2024-02-26,2.81,2.82,2.84,2.8,343413.0,343413.0
2024-02-27,2.81,2.84,2.84,2.8,274500.0,274500.0
2024-02-28,2.84,2.8,2.89,2.8,476319.0,476319.0
2024-02-29,2.79,2.85,2.85,2.77,345609.0,345609.0
2024-03-01,2.85,2.84,2.87,2.82,271084.0,271084.0
2024-03-04,2.85,2.82,2.85,2.79,251649.0,251649.0
2024-03-05,2.81,2.79,2.82,2.78,218053.0,218053.0
2024-03-06,2.79,2.8,2.82,2.78,176980.0,176980.0
2024-03-07,2.8,2.79,2.83,2.78,244216.0,244216.0
2024-03-08,2.79,2.79,2.8,2.77,177427.0,177427.0
2024-03-11,2.8,2.81,2.81,2.78,207517.0,207517.0
2024-03-12,2.81,2.82,2.83,2.8,240487.0,240487.0
2024-03-13,2.82,2.8,2.82,2.79,199353.0,199353.0
2024-03-14,2.8,2.79,2.81,2.78,212310.0,212310.0
2024-03-15,2.79,2.81,2.82,2.78,237623.0,237623.0
2024-03-18,2.82,2.84,2.86,2.81,348561.0,348561.0
2024-03-19,2.83,2.82,2.85,2.82,201802.0,201802.0
2024-03-20,2.82,2.83,2.84,2.8,205492.0,205492.0
2024-03-21,2.83,2.82,2.84,2.81,167211.0,167211.0
2024-03-22,2.82,2.78,2.82,2.77,264500.0,264500.0
2024-03-25,2.79,2.83,2.95,2.78,796921.0,796921.0
2024-03-26,2.83,2.85,2.87,2.81,406876.0,406876.0
2024-03-27,2.85,2.79,2.85,2.79,322540.0,322540.0
2024-03-28,2.79,2.8,2.83,2.79,271578.0,271578.0
2024-03-29,2.8,2.85,2.85,2.8,356258.0,356258.0
2024-04-01,2.84,2.88,2.9,2.84,376679.0,376679.0
2024-04-02,2.88,2.87,2.89,2.85,337272.0,337272.0
2024-04-03,2.87,2.89,2.9,2.86,328743.0,328743.0
2024-04-08,2.89,2.89,2.95,2.88,487539.0,487539.0
2024-04-09,2.9,2.92,2.92,2.87,295398.0,295398.0
2024-04-10,2.92,2.87,2.93,2.86,343004.0,343004.0
2024-04-11,2.87,2.9,2.93,2.86,357297.0,357297.0
2024-04-12,2.89,2.9,2.92,2.88,266472.0,266472.0
2024-04-15,2.9,2.94,2.96,2.86,629824.0,629824.0
2024-04-16,2.93,2.85,2.94,2.85,583847.0,583847.0
2024-04-17,2.86,2.92,2.92,2.86,431490.0,431490.0
2024-04-18,2.92,2.92,2.95,2.9,352815.0,352815.0
2024-04-19,2.91,2.97,2.98,2.9,627106.0,627106.0
2024-04-22,2.95,2.91,2.99,2.91,533664.0,533664.0
2024-04-23,2.91,2.88,2.93,2.87,333333.0,333333.0
2024-04-24,2.88,2.89,2.9,2.86,206535.0,206535.0
2024-04-25,2.88,2.87,2.9,2.86,251362.0,251362.0
2024-04-26,2.86,2.9,2.91,2.85,420577.0,420577.0
2024-04-29,2.87,2.82,2.88,2.79,1005126.0,1005126.0
2024-04-30,2.81,2.78,2.83,2.77,564093.0,564093.0
2024-05-06,2.8,2.8,2.82,2.8,344327.0,344327.0
2024-05-07,2.81,2.81,2.82,2.79,305343.0,305343.0
2024-05-08,2.81,2.79,2.82,2.78,255086.0,255086.0
2024-05-09,2.78,2.81,2.82,2.78,257665.0,257665.0
2024-05-10,2.82,2.8,2.82,2.79,195023.0,195023.0
2024-05-13,2.79,2.78,2.8,2.76,283078.0,283078.0
2024-05-14,2.79,2.79,2.8,2.78,172249.0,172249.0
2024-05-15,2.79,2.78,2.81,2.77,274805.0,274805.0
2024-05-16,2.79,2.75,2.8,2.75,356873.0,356873.0
2024-05-17,2.76,2.77,2.77,2.73,327747.0,327747.0
2024-05-20,2.77,2.77,2.79,2.76,260340.0,260340.0
2024-05-21,2.77,2.74,2.78,2.74,206490.0,206490.0
2024-05-22,2.75,2.75,2.76,2.74,173460.0,173460.0
2024-05-23,2.75,2.7,2.76,2.7,371525.0,371525.0
2024-05-24,2.69,2.68,2.72,2.68,190407.0,190407.0
2024-05-27,2.69,2.7,2.7,2.67,175654.0,175654.0
2024-05-28,2.69,2.67,2.7,2.66,212006.0,212006.0
2024-05-29,2.67,2.64,2.68,2.63,209489.0,209489.0
2024-05-30,2.64,2.64,2.67,2.63,164865.0,164865.0
2024-05-31,2.65,2.69,2.7,2.64,198969.0,198969.0
2024-06-03,2.69,2.63,2.69,2.62,257487.0,257487.0
2024-06-04,2.63,2.66,2.66,2.61,202857.0,202857.0
2024-06-05,2.65,2.65,2.69,2.64,160279.0,160279.0
2024-06-06,2.65,2.58,2.66,2.56,370094.0,370094.0
2024-06-07,2.59,2.62,2.63,2.58,257837.0,257837.0
2024-06-11,2.62,2.59,2.62,2.57,222608.0,222608.0
2024-06-12,2.59,2.59,2.6,2.57,142431.0,142431.0
2024-06-13,2.59,2.56,2.6,2.55,180614.0,180614.0
2024-06-14,2.56,2.57,2.57,2.53,148562.0,148562.0
2024-06-17,2.56,2.57,2.59,2.55,153740.0,153740.0
2024-06-18,2.6,2.6,2.61,2.57,178319.0,178319.0
2024-06-19,2.6,2.58,2.61,2.58,131362.0,131362.0
2024-06-20,2.59,2.55,2.6,2.54,164799.0,164799.0
2024-06-21,2.55,2.54,2.57,2.53,168813.0,168813.0
2024-06-24,2.53,2.48,2.54,2.47,200681.0,200681.0
2024-06-25,2.48,2.46,2.51,2.44,329342.0,329342.0
2024-06-26,2.46,2.52,2.52,2.44,206394.0,206394.0
2024-06-27,2.52,2.47,2.52,2.46,199167.0,199167.0
2024-06-28,2.47,2.48,2.51,2.46,222223.0,222223.0
2024-07-01,2.48,2.51,2.52,2.46,262583.0,262583.0
2024-07-02,2.5,2.52,2.52,2.49,193149.0,193149.0
2024-07-03,2.51,2.52,2.54,2.51,201202.0,201202.0
2024-07-04,2.52,2.46,2.53,2.45,225203.0,225203.0
2024-07-05,2.46,2.49,2.49,2.45,125468.0,125468.0
2024-07-08,2.49,2.44,2.49,2.43,184569.0,184569.0
2024-07-09,2.44,2.41,2.45,2.38,368549.0,368549.0
2024-07-10,2.39,2.32,2.4,2.31,456473.0,456473.0
2024-07-11,2.34,2.4,2.42,2.34,427778.0,427778.0
2024-07-12,2.4,2.4,2.43,2.39,195768.0,195768.0
2024-07-15,2.41,2.39,2.42,2.37,181504.0,181504.0
2024-07-16,2.38,2.36,2.39,2.35,197221.0,197221.0
2024-07-17,2.35,2.37,2.38,2.34,190908.0,190908.0
2024-07-18,2.39,2.37,2.39,2.33,235443.0,235443.0
2024-07-19,2.37,2.38,2.39,2.35,199973.0,199973.0
2024-07-22,2.38,2.39,2.4,2.36,164201.0,164201.0
2024-07-23,2.39,2.37,2.42,2.36,282122.0,282122.0
2024-07-24,2.36,2.35,2.38,2.33,214885.0,214885.0
2024-07-25,2.35,2.37,2.38,2.34,170566.0,170566.0
2024-07-26,2.37,2.41,2.41,2.37,192631.0,192631.0
2024-07-29,2.41,2.43,2.44,2.4,145900.0,145900.0
2024-07-30,2.42,2.45,2.46,2.41,259161.0,259161.0
2024-07-31,2.44,2.51,2.52,2.44,316286.0,316286.0
2024-08-01,2.52,2.51,2.53,2.5,204573.0,204573.0
2024-08-02,2.5,2.5,2.53,2.49,209185.0,209185.0
2024-08-05,2.5,2.49,2.57,2.49,335312.0,335312.0
2024-08-06,2.51,2.52,2.53,2.49,232900.0,232900.0
2024-08-07,2.52,2.51,2.53,2.51,155703.0,155703.0
2024-08-08,2.51,2.53,2.54,2.5,166642.0,166642.0
2024-08-09,2.52,2.5,2.53,2.49,140735.0,140735.0
2024-08-12,2.49,2.48,2.5,2.47,165516.0,165516.0
2024-08-13,2.48,2.51,2.52,2.46,212837.0,212837.0
2024-08-14,2.5,2.49,2.52,2.49,163784.0,163784.0
2024-08-15,2.49,2.5,2.53,2.47,254356.0,254356.0
2024-08-16,2.5,2.47,2.51,2.47,170637.0,170637.0
2024-08-19,2.48,2.47,2.5,2.46,147594.0,147594.0
2024-08-20,2.47,2.43,2.48,2.41,214667.0,214667.0
2024-08-21,2.43,2.41,2.43,2.4,117320.0,117320.0
2024-08-22,2.41,2.43,2.48,2.39,297500.0,297500.0
2024-08-23,2.4,2.39,2.4,2.33,278859.0,278859.0
2024-08-26,2.39,2.41,2.42,2.37,136402.0,136402.0
2024-08-27,2.4,2.4,2.42,2.38,123145.0,123145.0
2024-08-28,2.4,2.42,2.44,2.39,159859.0,159859.0
2024-08-29,2.42,2.43,2.44,2.41,132575.0,132575.0
2024-08-30,2.42,2.44,2.47,2.42,202115.0,202115.0
2024-09-02,2.43,2.38,2.44,2.38,170303.0,170303.0
2024-09-03,2.39,2.38,2.41,2.37,149362.0,149362.0
2024-09-04,2.38,2.36,2.4,2.36,127466.0,127466.0
2024-09-05,2.36,2.37,2.38,2.35,116491.0,116491.0
2024-09-06,2.37,2.34,2.38,2.33,192315.0,192315.0
2024-09-09,2.34,2.33,2.36,2.32,149108.0,149108.0
2024-09-10,2.34,2.34,2.39,2.3,281063.0,281063.0
2024-09-11,2.33,2.32,2.35,2.31,159692.0,159692.0
2024-09-12,2.32,2.34,2.36,2.32,169314.0,169314.0
2024-09-13,2.35,2.36,2.38,2.34,207754.0,207754.0
2024-09-18,2.35,2.34,2.37,2.32,163998.0,163998.0
2024-09-19,2.35,2.39,2.4,2.34,237272.0,237272.0
2024-09-20,2.39,2.38,2.39,2.36,164136.0,164136.0
2024-09-23,2.38,2.39,2.39,2.37,100566.0,100566.0
2024-09-24,2.39,2.46,2.47,2.39,390143.0,390143.0
2024-09-25,2.48,2.53,2.59,2.48,545275.0,545275.0
2024-09-26,2.54,2.65,2.65,2.53,579034.0,579034.0
2024-09-27,2.67,2.71,2.73,2.65,473001.0,473001.0
2024-09-30,2.79,2.88,2.91,2.74,1576334.0,1576334.0
2024-10-08,3.16,3.04,3.17,2.91,1982739.0,1982739.0
2024-10-09,3.01,2.81,3.01,2.81,1172287.0,1172287.0
2024-10-10,2.83,2.86,2.92,2.77,842217.0,842217.0
2024-10-11,2.87,2.77,2.87,2.75,608907.0,608907.0
2024-10-14,2.79,2.8,2.82,2.76,519095.0,519095.0
2024-10-15,2.79,2.77,2.82,2.75,509926.0,509926.0
2024-10-16,2.76,2.79,2.82,2.74,459205.0,459205.0
2024-10-17,2.79,2.72,2.81,2.72,488413.0,488413.0
2024-10-18,2.72,2.79,2.82,2.7,697526.0,697526.0
2024-10-21,2.8,2.78,2.81,2.76,480348.0,480348.0
2024-10-22,2.77,2.8,2.8,2.75,445487.0,445487.0
2024-10-23,2.79,2.82,2.85,2.78,566160.0,566160.0
2024-10-24,2.81,2.82,2.83,2.79,381309.0,381309.0
2024-10-25,2.82,2.88,2.89,2.81,557476.0,557476.0
2024-10-28,2.84,2.92,2.92,2.82,726997.0,726997.0
2024-10-29,2.93,2.84,2.94,2.83,689184.0,689184.0
2024-10-30,2.84,2.94,3.05,2.83,1219086.0,1219086.0
2024-10-31,2.95,2.98,3.03,2.93,895375.0,895375.0
2024-11-01,2.97,2.93,3.0,2.9,662674.0,662674.0
2024-11-04,2.92,2.93,2.93,2.88,417104.0,417104.0
2024-11-05,2.92,3.03,3.03,2.91,853507.0,853507.0
2024-11-06,3.04,3.1,3.19,3.04,1271081.0,1271081.0
2024-11-07,3.08,3.15,3.16,3.06,815365.0,815365.0
2024-11-08,3.17,3.12,3.19,3.08,816889.0,816889.0
2024-11-11,3.13,3.2,3.33,3.13,1127870.0,1127870.0
2024-11-12,3.2,3.09,3.22,3.07,1029175.0,1029175.0
2024-11-13,3.08,3.06,3.12,3.02,664607.0,664607.0
2024-11-14,3.05,2.96,3.06,2.96,556895.0,556895.0
2024-11-15,2.95,2.9,3.0,2.9,581859.0,581859.0
2024-11-18,2.94,2.98,3.06,2.94,976935.0,976935.0
2024-11-19,2.97,2.99,3.01,2.92,610083.0,610083.0
2024-11-20,2.99,3.01,3.04,2.97,568707.0,568707.0
2024-11-21,3.0,2.99,3.02,2.96,422158.0,422158.0
2024-11-22,3.02,2.95,3.12,2.94,852802.0,852802.0
2024-11-25,2.94,2.94,2.98,2.89,585797.0,585797.0
2024-11-26,2.95,2.94,2.98,2.93,413319.0,413319.0
2024-11-27,2.94,2.98,3.0,2.88,544308.0,544308.0
2024-11-28,2.98,3.0,3.03,2.98,554764.0,554764.0
2024-11-29,3.01,3.03,3.04,2.98,505682.0,505682.0
2024-12-02,3.03,3.1,3.11,3.03,648427.0,648427.0
2024-12-03,3.1,3.09,3.11,3.05,504174.0,504174.0
2024-12-04,3.08,3.03,3.1,3.01,533483.0,533483.0
2024-12-05,3.03,3.06,3.06,3.02,386532.0,386532.0
2024-12-06,3.06,3.17,3.17,3.05,961684.0,961684.0
2024-12-09,3.3,3.18,3.43,3.16,1634393.0,1634393.0
2024-12-10,3.26,3.15,3.28,3.14,1096793.0,1096793.0
2024-12-11,3.17,3.23,3.27,3.15,1006835.0,1006835.0
2024-12-12,3.23,3.25,3.28,3.19,827303.0,827303.0
2024-12-13,3.23,3.17,3.27,3.16,915690.0,915690.0
2024-12-16,3.17,3.17,3.21,3.15,645178.0,645178.0
2024-12-17,3.18,3.07,3.19,3.05,736454.0,736454.0
2024-12-18,3.13,3.09,3.17,3.08,553633.0,553633.0
2024-12-19,3.05,3.07,3.08,3.03,459575.0,459575.0
2024-12-20,3.07,3.05,3.1,3.03,503810.0,503810.0
2024-12-23,3.05,2.97,3.06,2.95,560742.0,560742.0
2024-12-24,2.97,2.97,2.99,2.95,416310.0,416310.0
2024-12-25,2.98,2.91,2.99,2.89,606288.0,606288.0
2024-12-26,2.91,2.88,2.94,2.88,409187.0,409187.0
2024-12-27,2.89,2.93,2.95,2.88,453194.0,453194.0
2024-12-30,2.93,2.9,2.94,2.88,422206.0,422206.0
2024-12-31,2.9,2.84,2.93,2.84,477467.0,477467.0
2025-01-02,2.85,2.77,2.87,2.75,509323.0,509323.0
2025-01-03,2.77,2.7,2.79,2.69,548677.0,548677.0
2025-01-06,2.7,2.71,2.74,2.66,419587.0,419587.0
2025-01-07,2.71,2.71,2.72,2.66,480243.0,480243.0
2025-01-08,2.7,2.69,2.71,2.63,499054.0,499054.0
2025-01-09,2.68,2.67,2.69,2.66,329351.0,329351.0
2025-01-10,2.68,2.63,2.69,2.63,350967.0,350967.0
2025-01-13,2.63,2.64,2.66,2.6,331795.0,331795.0
2025-01-14,2.65,2.73,2.74,2.64,480329.0,480329.0
2025-01-15,2.73,2.71,2.74,2.68,326751.0,326751.0
2025-01-16,2.72,2.75,2.78,2.71,457865.0,457865.0
2025-01-17,2.75,2.73,2.76,2.72,268863.0,268863.0
2025-01-20,2.74,2.74,2.77,2.72,298695.0,298695.0
2025-01-21,2.75,2.71,2.76,2.7,282103.0,282103.0
2025-01-22,2.71,2.86,2.98,2.65,1494734.0,1494734.0
2025-01-23,2.8,2.81,2.89,2.78,1079354.0,1079354.0
2025-01-24,2.83,2.83,2.85,2.79,472915.0,472915.0
2025-01-27,2.56,2.55,2.65,2.55,1297191.0,1297191.0
2025-02-05,2.53,2.59,2.62,2.52,640993.0,640993.0
2025-02-06,2.58,2.59,2.6,2.53,470639.0,470639.0
2025-02-07,2.59,2.66,2.69,2.58,689292.0,689292.0
2025-02-10,2.66,2.67,2.71,2.66,497588.0,497588.0
2025-02-11,2.71,2.71,2.73,2.66,481042.0,481042.0
2025-02-12,2.71,2.7,2.74,2.67,363313.0,363313.0
2025-02-13,2.69,2.69,2.72,2.68,372860.0,372860.0
2025-02-14,2.7,2.67,2.71,2.65,331871.0,331871.0
2025-02-17,2.69,2.7,2.72,2.67,355203.0,355203.0
2025-02-18,2.7,2.63,2.7,2.63,383708.0,383708.0
2025-02-19,2.64,2.64,2.65,2.62,292231.0,292231.0
2025-02-20,2.64,2.63,2.65,2.61,297626.0,297626.0
2025-02-21,2.63,2.6,2.64,2.58,415695.0,415695.0
2025-02-24,2.6,2.62,2.64,2.58,418478.0,418478.0
2025-02-25,2.6,2.62,2.65,2.59,349008.0,349008.0
2025-02-26,2.62,2.7,2.71,2.62,556826.0,556826.0
2025-02-27,2.71,2.7,2.74,2.66,339119.0,339119.0
2025-02-28,2.7,2.66,2.7,2.65,339993.0,339993.0
2025-03-03,2.66,2.63,2.69,2.63,310883.0,310883.0
2025-03-04,2.63,2.67,2.73,2.62,491437.0,491437.0
2025-03-05,2.67,2.63,2.67,2.6,420479.0,420479.0
2025-03-06,2.63,2.65,2.66,2.61,326414.0,326414.0
2025-03-07,2.64,2.64,2.68,2.63,278864.0,278864.0
2025-03-10,2.65,2.66,2.67,2.63,293502.0,293502.0
2025-03-11,2.65,2.68,2.68,2.63,306462.0,306462.0
2025-03-12,2.68,2.66,2.7,2.66,308753.0,308753.0
2025-03-13,2.67,2.65,2.68,2.63,319951.0,319951.0
2025-03-14,2.66,2.7,2.7,2.64,504604.0,504604.0
2025-03-17,2.71,2.73,2.79,2.71,622080.0,622080.0
2025-03-18,2.74,2.72,2.75,2.71,343663.0,343663.0
2025-03-19,2.71,2.72,2.75,2.7,352146.0,352146.0
2025-03-20,2.72,2.75,2.78,2.71,498750.0,498750.0
2025-03-21,2.74,2.75,2.81,2.74,590906.0,590906.0
2025-03-24,2.75,2.71,2.77,2.68,545755.0,545755.0
2025-03-25,2.71,2.75,2.76,2.69,403984.0,403984.0
2025-03-26,2.74,2.75,2.78,2.73,317572.0,317572.0
2025-03-27,2.76,2.73,2.78,2.71,335400.0,335400.0
2025-03-28,2.74,2.69,2.74,2.68,320747.0,320747.0
2025-03-31,2.69,2.64,2.7,2.62,378174.0,378174.0
2025-04-01,2.65,2.66,2.67,2.64,258399.0,258399.0
2025-04-02,2.66,2.65,2.67,2.64,204825.0,204825.0
2025-04-03,2.64,2.67,2.68,2.63,330210.0,330210.0
2025-04-07,2.59,2.41,2.6,2.4,804665.0,804665.0
2025-04-08,2.42,2.48,2.48,2.42,544762.0,544762.0
2025-04-09,2.45,2.55,2.56,2.39,563231.0,563231.0
2025-04-10,2.57,2.54,2.59,2.53,498717.0,498717.0
2025-04-11,2.53,2.54,2.56,2.52,261973.0,261973.0
2025-04-14,2.55,2.56,2.57,2.54,295211.0,295211.0
2025-04-15,2.56,2.53,2.56,2.53,191085.0,191085.0
2025-04-16,2.53,2.52,2.54,2.48,293482.0,293482.0
2025-04-17,2.51,2.52,2.54,2.5,167256.0,167256.0
2025-04-18,2.52,2.52,2.53,2.5,183000.0,183000.0
2025-04-21,2.52,2.52,2.54,2.5,203576.0,203576.0
2025-04-22,2.52,2.53,2.54,2.51,261751.0,261751.0
2025-04-23,2.53,2.51,2.54,2.51,216829.0,216829.0
2025-04-24,2.52,2.5,2.53,2.5,236725.0,236725.0
2025-04-25,2.51,2.52,2.55,2.5,286852.0,286852.0
2025-04-28,2.52,2.58,2.59,2.49,497181.0,497181.0
2025-04-29,2.56,2.62,2.67,2.55,555514.0,555514.0
2025-04-30,2.63,2.58,2.64,2.57,367600.0,367600.0
2025-05-06,2.58,2.62,2.64,2.58,268895.0,268895.0
2025-05-07,2.63,2.71,2.77,2.62,907865.0,907865.0
2025-05-08,2.71,2.69,2.74,2.68,473255.0,473255.0
2025-05-09,2.7,2.71,2.79,2.7,525417.0,525417.0
2025-05-12,2.73,2.74,2.76,2.71,481291.0,481291.0
2025-05-13,2.76,2.72,2.77,2.7,374392.0,374392.0
2025-05-14,2.73,2.73,2.74,2.69,338506.0,338506.0
2025-05-15,2.72,2.72,2.75,2.71,294370.0,294370.0
2025-05-16,2.73,2.73,2.75,2.7,290069.0,290069.0
2025-05-19,2.74,2.76,2.77,2.72,364008.0,364008.0
2025-05-20,2.77,2.75,2.77,2.72,369400.0,369400.0
2025-05-21,2.75,2.73,2.76,2.72,224288.0,224288.0
2025-05-22,2.73,2.7,2.74,2.69,289956.0,289956.0
2025-05-23,2.7,2.68,2.72,2.67,294278.0,294278.0
2025-05-26,2.67,2.69,2.71,2.67,240423.0,240423.0
2025-05-27,2.7,2.73,2.73,2.67,284608.0,284608.0
2025-05-28,2.73,2.71,2.74,2.69,252604.0,252604.0
2025-05-29,2.71,2.74,2.75,2.69,363481.0,363481.0
2025-05-30,2.74,2.72,2.74,2.71,257489.0,257489.0
2025-06-03,2.72,2.73,2.75,2.71,239697.0,239697.0
2025-06-04,2.73,2.8,2.82,2.72,739315.0,739315.0
2025-06-05,2.78,2.76,2.82,2.74,502195.0,502195.0
2025-06-06,2.76,2.76,2.79,2.74,320082.0,320082.0
2025-06-09,2.76,2.76,2.77,2.74,238105.0,238105.0
2025-06-10,2.76,2.72,2.77,2.69,398102.0,398102.0
2025-06-11,2.72,2.72,2.74,2.71,243247.0,243247.0
2025-06-12,2.72,2.71,2.72,2.69,257507.0,257507.0
2025-06-13,2.71,2.98,2.98,2.71,2246284.0,2246284.0
2025-06-16,2.93,2.86,2.95,2.85,2348671.0,2348671.0
2025-06-17,2.87,3.15,3.15,2.87,3684137.0,3684137.0
2025-06-18,3.17,3.24,3.47,3.11,4642740.0,4642740.0
2025-06-19,3.18,3.11,3.23,3.03,2925102.0,2925102.0
2025-06-20,3.05,2.98,3.07,2.96,1889621.0,1889621.0
2025-06-23,3.0,3.12,3.19,2.98,2310773.0,2310773.0
2025-06-24,2.97,3.04,3.09,2.93,2253248.0,2253248.0
2025-06-25,3.04,3.19,3.27,3.04,2598913.0,2598913.0
2025-06-26,3.19,3.24,3.34,3.17,2573068.0,2573068.0
2025-06-27,3.25,3.56,3.56,3.2,3266866.0,3266866.0
2025-06-30,3.92,3.92,3.92,3.92,356933.0,356933.0
2025-07-01,4.31,4.31,4.31,4.31,240222.0,240222.0
2025-07-02,4.5,4.13,4.73,4.1,8545274.0,8545274.0
2025-07-03,3.9,3.82,4.12,3.75,5183722.0,5183722.0
2025-07-04,3.8,4.11,4.2,3.8,6077925.0,6077925.0
2025-07-07,3.98,4.01,4.18,3.88,4105147.0,4105147.0
2025-07-08,3.99,3.96,4.04,3.94,2668882.0,2668882.0
2025-07-09,3.97,3.94,4.14,3.92,3088083.0,3088083.0
2025-07-10,3.91,4.33,4.33,3.81,5478317.0,5478317.0
2025-07-11,4.12,4.04,4.27,4.02,4642757.0,4642757.0
2025-07-14,4.03,3.96,4.08,3.96,2282942.0,2282942.0
2025-07-15,3.91,3.84,3.96,3.82,1845457.0,1845457.0
2025-07-16,3.86,3.83,3.88,3.82,1380727.0,1380727.0
2025-07-17,3.82,3.89,3.94,3.8,1712659.0,1712659.0
2025-07-18,3.91,3.96,4.03,3.89,1912590.0,1912590.0
2025-07-21,3.93,4.05,4.1,3.9,2116832.0,2116832.0
2025-07-22,3.99,3.95,4.08,3.92,2096918.0,2096918.0
2025-07-23,3.92,3.85,4.04,3.83,1883483.0,1883483.0
2025-07-24,3.83,4.01,4.03,3.83,1991245.0,1991245.0
2025-07-25,3.95,3.97,4.04,3.93,1234063.0,1234063.0
2025-07-28,3.97,4.01,4.07,3.94,1632848.0,1632848.0
2025-07-29,4.01,4.03,4.05,3.95,1454109.0,1454109.0
2025-07-30,4.0,4.15,4.19,4.0,2734027.0,2734027.0
2025-07-31,4.12,4.05,4.16,4.0,2051353.0,2051353.0
2025-08-01,4.04,4.22,4.46,3.96,4500286.0,4500286.0
2025-08-04,4.19,4.55,4.64,4.19,4937647.0,4937647.0
2025-08-05,4.46,4.33,4.56,4.31,3820002.0,3820002.0
2025-08-06,4.28,4.36,4.45,4.28,2391844.0,2391844.0
2025-08-07,4.32,4.8,4.8,4.22,4240533.0,4240533.0
2025-08-08,5.0,5.28,5.28,4.95,5428115.0,5428115.0
2025-08-11,4.75,4.75,4.75,4.75,300951.0,300951.0
2025-08-12,4.75,4.75,4.75,4.75,5.877471754111438e-39,
2025-08-13,4.2,4.03,4.23,4.02,4411284.0,
2025-08-14,4.05,4.02,4.1,3.98,1906094.0,
2025-08-15,3.85,3.92,3.95,3.84,2203195.0,
2025-08-18,3.9,3.97,4.03,3.89,1221809.0,
2025-08-19,3.98,3.91,4.02,3.9,2180279.0,
2025-08-20,3.89,3.9,3.92,3.83,1889246.0,
2025-08-21,3.88,3.86,3.93,3.85,1210381.0,
2025-08-22,3.89,3.86,3.9,3.85,788271.0,
2025-08-25,4.0,3.93,4.02,3.92,1582022.0,
2025-08-26,3.96,3.93,3.97,3.92,872370.0,
2025-08-27,3.99,3.99,3.99,3.99,15699.0,
2025-08-28,3.89,3.94,3.95,3.83,1448772.0,
2025-08-29,3.92,3.93,3.95,3.89,913614.0,
2025-09-01,3.93,3.91,3.94,3.88,962275.0,
2025-09-02,3.9,3.8,3.9,3.78,1067711.0,
2025-09-03,3.84,3.62,3.86,3.57,1663392.0,
2025-09-04,3.58,3.62,3.7,3.56,1035449.0,
2025-09-05,3.62,3.56,3.62,3.46,1045614.0,
2025-09-08,3.53,3.49,3.58,3.47,1269817.0,
2025-09-09,3.49,3.45,3.49,3.43,77470.0,
2025-09-10,3.39,3.48,3.5,3.37,1484842.0,
2025-09-11,3.5,3.55,3.61,3.44,1305209.0,
2025-09-12,3.55,3.6,3.61,3.53,1107871.0,
2025-09-15,3.6,3.71,3.71,3.54,1501082.0,
2025-09-16,3.68,3.93,3.97,3.67,2122551.0,
2025-09-17,3.93,3.93,3.93,3.93,5.877471754111438e-39,
2025-09-18,3.86,3.85,3.97,3.74,1524418.0,
2025-09-19,3.84,3.72,3.89,3.72,1002471.0,
2025-09-22,3.7,3.66,3.74,3.63,828278.0,
2025-09-23,3.65,3.58,3.65,3.5,1004708.0,
2025-09-24,3.56,3.61,3.62,3.55,580937.0,
2025-09-25,3.6,3.53,3.61,3.52,641694.0,
2025-09-26,3.53,3.53,3.58,3.52,538542.0,
2025-09-29,3.52,3.52,3.54,3.46,515609.0,
2025-09-30,3.52,3.53,3.56,3.51,552680.0,
2025-10-09,3.54,3.55,3.58,3.52,576481.0,
2025-10-10,3.55,3.58,3.66,3.52,742004.0,
2025-10-13,3.4,3.56,3.57,3.4,611522.0,
2025-10-14,3.57,3.6,3.64,3.56,763434.0,
2025-10-15,3.59,3.61,3.62,3.55,537771.0,
2025-10-16,3.6,3.51,3.6,3.51,525543.0,
2025-10-17,3.52,3.86,3.86,3.52,2118129.0,
2025-10-20,3.81,3.75,3.85,3.72,2010127.0,
2025-10-21,3.77,3.75,3.78,3.73,965424.0,
2025-10-22,3.75,3.86,3.93,3.73,1817897.0,
2025-10-23,3.81,3.75,3.83,3.68,1045847.0,
2025-10-24,3.73,3.7,3.78,3.7,606223.0,
2025-10-27,3.71,3.7,3.73,3.68,514477.0,
2025-10-28,3.69,3.69,3.74,3.67,616824.0,
2025-10-29,3.64,3.63,3.66,3.56,871909.0,
2025-10-30,3.62,3.58,3.64,3.56,624773.0,
2025-10-31,3.59,3.61,3.62,3.58,452773.0,
2025-11-03,3.62,3.64,3.65,3.58,482565.0,
2025-11-04,3.64,3.62,3.65,3.58,423147.0,
2025-11-05,3.59,3.63,3.65,3.58,489670.0,
2025-11-06,3.64,3.62,3.65,3.6,385080.0,
2025-11-07,3.61,3.68,3.77,3.59,944314.0,
2025-11-10,3.66,3.74,3.75,3.64,709595.0,
2025-11-11,3.74,3.73,3.76,3.7,481649.0,
2025-11-12,3.72,3.77,3.84,3.68,984080.0,
2025-11-13,3.78,3.76,3.79,3.73,587988.0,
2025-11-14,3.75,3.76,3.82,3.73,677917.0,
2025-11-17,3.8,3.77,3.85,3.76,713519.0,
2025-11-18,3.75,3.7,3.76,3.63,682442.0,
2025-11-19,3.69,3.7,3.72,3.63,498208.0,
2025-11-20,3.68,3.63,3.71,3.63,394580.0,
2025-11-21,3.6,3.48,3.62,3.46,666091.0,
2025-11-24,3.48,3.52,3.54,3.48,376238.0,
2025-11-25,3.53,3.51,3.54,3.5,412847.0,
2025-11-26,3.51,3.57,3.59,3.5,576733.0,
2025-11-27,3.58,3.49,3.59,3.49,458196.0,
2025-11-28,3.48,3.5,3.51,3.45,342793.0,
2025-12-01,3.49,3.51,3.53,3.49,262290.0,
2025-12-02,3.51,3.53,3.54,3.47,372507.0,
2025-12-03,3.52,3.47,3.53,3.46,329890.0,
2025-12-04,3.46,3.42,3.48,3.42,289101.0,
2025-12-05,3.42,3.49,3.49,3.4,392219.0,
2025-12-08,3.5,3.48,3.54,3.47,358804.0,
2025-12-09,3.47,3.43,3.48,3.43,287130.0,
2025-12-10,3.43,3.43,3.45,3.41,265031.0,
2025-12-11,3.43,3.33,3.44,3.33,500590.0,
2025-12-12,3.33,3.29,3.35,3.29,497364.0,
2025-12-15,3.28,3.31,3.35,3.24,395088.0,
2025-12-16,3.32,3.33,3.44,3.32,500502.0,
2025-12-17,3.34,3.33,3.35,3.27,377533.0,
2025-12-18,3.34,3.3,3.35,3.29,314690.0,
2025-12-19,3.31,3.39,3.41,3.3,672217.0,
2025-12-22,3.39,3.37,3.41,3.36,403686.0,
2025-12-23,3.36,3.31,3.37,3.3,405470.0,
2025-12-24,3.32,3.38,3.4,3.31,480260.0,
2025-12-25,3.37,3.4,3.43,3.35,441655.0,
2025-12-26,3.4,3.4,3.42,3.36,429328.0,
2025-12-29,3.41,3.38,3.41,3.36,356218.0,
2025-12-30,3.38,3.36,3.42,3.35,466248.0,
2025-12-31,3.36,3.35,3.38,3.32,358479.0,
2026-01-05,3.36,3.47,3.51,3.36,1028356.0,
2026-01-06,3.48,3.5,3.56,3.47,785113.0,
2026-01-07,3.49,3.45,3.5,3.43,373949.0,
2026-01-08,3.43,3.55,3.58,3.41,1111281.0,
2026-01-09,3.53,3.51,3.54,3.5,250557.0,
2026-01-12,3.54,3.6,3.6,3.53,279599.0,
2026-01-13,3.6,3.56,3.61,3.5,372225.0,
2026-01-14,3.49,3.51,3.61,3.48,996304.0,
2026-01-15,3.5,3.43,3.51,3.42,728621.0,
2026-01-16,3.43,3.39,3.49,3.39,316577.0,
2026-01-19,3.37,3.4,3.41,3.33,433806.0,
2026-01-20,3.36,3.32,3.38,3.3,680237.0,
2026-01-21,3.31,3.34,3.38,3.28,590900.0,
2026-01-22,3.32,3.46,3.58,3.32,1236047.0,
2026-01-23,3.49,3.49,3.51,3.45,763529.0,
